angle_1,angle_2,angle_3,angle_4,angle_5,angle_6,angle_7,angle_8,angle_9,angle_10,angle_11,angle_12,label
26.78710573055357,-130.9318824530157,-148.27854319444995,-153.21289426944645,-129.7673199015805,-146.75577144263866,43.26527969021313,-55.303165525538915,-63.82432663081612,42.547767247267565,-55.726507288236604,-62.61130125597874,Downdog
31.552544911442986,-42.89145136414397,-29.34370775528056,-148.447455088557,-45.68151267551387,-25.518357684198048,137.19303909874554,-126.26917861684811,-133.65408341044935,137.82448985864858,-130.04768937287562,-133.18078352044142,Downdog
-121.86085407827332,-54.536606678436115,-41.07399419715756,58.13914592172668,-53.461994307505734,-41.02279424996567,136.95744758056767,-128.29083846006444,-122.24811598656527,135.36307509060393,-128.57117753431098,-123.26695133912875,Downdog
-112.97097652199356,-43.71634234433854,-37.026547461070535,67.02902347800645,-43.94231492643432,-33.92781975133838,128.89517108247432,-122.53598199992601,-121.46178427046013,127.54357012417995,-124.45832670544748,-121.85115291069785,Downdog
-2.27467998463326,-127.36307405201063,-138.31026733322284,177.72532001536675,-124.38505672158955,-140.2057455264324,41.42528580994562,-54.34316916352727,-54.70339030223614,42.03747214766119,-52.53079687597009,-59.174572914978974,Downdog
-49.37547167950442,-134.6644759749454,-150.50863025704024,130.62452832049559,-136.6433218850177,-143.00995888718398,39.01563429089075,-52.982453585248194,-50.5376141757516,40.65945994861279,-52.57960330890199,-52.88193995539998,Downdog
-136.78423242721152,-42.023401877036314,-31.1629037920452,43.21576757278848,-45.84271811406264,-32.493836930978894,128.62895162680962,-116.81123551735153,-107.73598877617293,125.55077759116112,-116.74356187275413,-110.32458030057828,Downdog
128.08060583089647,-130.9658734998932,-147.23888828178943,-51.91939416910353,-125.31259846900434,-151.1577146589573,44.413651281932424,-55.22400821118572,-53.621746421630235,41.639461561513045,-56.414865704432444,-53.36725184985685,Downdog
-57.14947082593188,-122.79142007329384,-131.7384808197116,122.85052917406814,-116.44610406122669,-132.65729604859553,42.80899769373829,-51.45924762205124,-45.01516562901684,44.171726310504326,-50.34040329304957,-46.41509016218499,Downdog
-144.79938217835735,-59.58031270161752,-36.68000508143565,35.20061782164266,-60.660251022487685,-35.32737763037501,125.22303334762394,-120.4417105381535,-119.54857621221484,122.87426315729377,-122.51811939007905,-119.66047789993023,Downdog
-122.79859630048315,-56.818812984063534,-35.958338624285794,57.20140369951686,-56.5232826441335,-38.839468192684905,136.54683407385252,-118.79460083671621,-119.2780099966708,134.72280108057433,-122.08192779192568,-117.50978882803545,Downdog
-122.99978171953114,-59.80884317471955,-33.86204409395449,57.000218280468864,-53.97397918156715,-37.349842780171265,136.95736119708985,-125.06256994484978,-120.93611480616927,136.85001397379926,-125.36594099894722,-122.01592500095494,Downdog
-103.44721822596904,-53.88080914264171,-40.08874701536959,76.55278177403096,-55.38624551086037,-46.902118241515105,143.33411169111574,-125.24781104869635,-123.13467784778028,141.7909175648052,-125.75285408164382,-125.22370317561378,Downdog
159.12104847400443,-132.7405680371128,-138.68946623313823,-20.878951525995596,-130.0869191346023,-141.7910304581521,45.279054371279,-57.792896802828224,-62.86005136315191,39.8558162356826,-60.741816245762,-63.02037241293065,Downdog
-99.91056739311115,-120.78784573681358,-147.68644957756408,80.08943260688886,-122.15841673082517,-144.85112247499544,37.94110364227177,-53.669166249382535,-47.52955870377748,38.99293861000457,-53.80673635176285,-52.85236614619006,Downdog
128.35254910850443,-120.13960078119526,-138.7646864049701,-51.64745089149557,-120.59726577012133,-141.02237964660998,39.15001362978336,-55.72394791225478,-54.57658596247443,37.774596749075286,-56.81898391978155,-55.57758843444,Downdog
-112.31742403610785,-53.4797242164614,-40.91500626915064,67.68257596389215,-56.582918773346535,-41.56604395177225,137.29218171513114,-120.24099709286945,-118.09096773335173,135.30279107274913,-124.21975560175059,-115.94449798162626,Downdog
-70.99506612273396,-132.5549614451647,-150.28612795863455,109.00493387726604,-135.79674127148598,-145.41475066525734,48.98377126484455,-55.04115846588214,-53.675529561251174,50.23313225768776,-55.90046064266667,-54.017525130237345,Downdog
160.13706976904083,-136.3481195071282,-139.51151037366958,-19.862930230959154,-131.0758735401783,-144.00547578101245,44.02897376452399,-56.690474058123925,-62.5758838550703,39.42704284376355,-59.245809634213565,-62.69614421951287,Downdog
112.4179689030913,-139.47040476277556,-148.82731765253436,-67.5820310969087,-138.07555715601825,-147.8077331686149,48.12899363438351,-55.932606528625236,-65.35012394205191,46.9632179374512,-56.007318128285995,-65.13879590506947,Downdog
-130.0265812049407,-48.30570903670186,-37.36362014292192,49.97341879505931,-45.95294151123474,-45.989201912907156,136.69561591160362,-117.92864060545526,-122.17356170286301,133.98122991924123,-120.53292753114032,-124.41500482120567,Downdog
-127.2947372016874,-64.1161315905626,-36.19556814179707,52.7052627983126,-55.97509018338713,-40.698536232676815,139.46743678470804,-118.42219011964472,-127.53404189217794,139.3910927225524,-121.63523489159248,-127.68045084185471,Downdog
148.1284905121857,-128.42704360118896,-140.72374112392367,-31.871509487814308,-131.01482708969425,-139.0406431258112,48.072541295140375,-60.69376336964261,-55.78231036513117,45.02916437423495,-61.52788466008207,-59.08370584404159,Downdog
48.02596080245851,-133.13353680524483,-147.9206164042532,-131.9740391975415,-132.90528544272232,-146.83375187751048,45.03977105541999,-55.760681141375805,-62.17466428193853,43.07798632427104,-56.13444096754919,-61.83972001905069,Downdog
158.16814203025874,-136.2484823495922,-142.87262288393313,-21.831857969741257,-130.3185235400608,-144.0699825050544,45.313048195311,-57.41943283471141,-61.59621166170179,39.48251245411103,-59.74259486461012,-64.93047723644943,Downdog
-35.33311269125837,-136.5592357397867,-149.45730533064133,144.66688730874165,-133.88871517529506,-148.0495459848474,49.59951680772044,-53.18241914330618,-56.25346787866574,50.10692344006302,-53.759774696889586,-58.116472147624876,Downdog
-161.5543978156475,-32.133379401146954,-33.944359011046934,18.44560218435252,-35.72209528505557,-31.79957450412687,122.54400603197755,-125.60603611864323,-127.55210072042944,121.68431023998166,-127.32325330039048,-128.44604053200635,Downdog
-135.2902774022146,-56.74925121382177,-31.2693770323525,44.709722597785394,-55.82182115722632,-32.3930631899044,134.16514783879546,-130.75121852337367,-124.41713031287506,133.85559914439602,-131.58134797481046,-125.31390356796959,Downdog
-37.117688736791635,-104.65770480662002,-139.04753540892176,142.88231126320838,-103.28228062164189,-121.1193372973111,33.24411618554311,-54.6643484204941,-52.87185315116401,38.56052821225946,-53.11869844310565,-49.50890545119019,Downdog
71.800679116595,-120.1804324277622,-154.92295768678846,-108.199320883405,-115.54241890425006,-132.68048596086516,46.05477041037276,-56.67799572821067,-58.37715190313857,42.89603291950902,-54.60759675427368,-56.53054968797733,Downdog
-30.64934674995594,-120.73722441739703,-139.62903405794114,149.35065325004408,-119.36895340892255,-132.6628775818155,35.962839412409345,-60.86924040841582,-54.08590616255864,39.78297550865086,-59.54960908468544,-58.49677682948375,Downdog
123.27385159470853,-129.22683903586093,-149.8619778501336,-56.726148405291475,-129.04762959937895,-145.23849499492658,34.19833233081298,-59.007816050252075,-57.389876470289536,32.93503964847212,-59.55038325006528,-58.59104660074749,Downdog
48.02596080245851,-133.13353680524483,-147.9206164042532,-131.9740391975415,-132.90528544272232,-146.83375187751048,45.03977105541999,-55.760681141375805,-62.17466428193853,43.07798632427104,-56.13444096754919,-61.83972001905069,Downdog
-35.33311269125837,-136.5592357397867,-149.45730533064133,144.66688730874165,-133.88871517529506,-148.0495459848474,49.59951680772044,-53.18241914330618,-56.25346787866574,50.10692344006302,-53.759774696889586,-58.116472147624876,Downdog
-135.2902774022146,-56.74925121382177,-31.2693770323525,44.709722597785394,-55.82182115722632,-32.3930631899044,134.16514783879546,-130.75121852337367,-124.41713031287506,133.85559914439602,-131.58134797481046,-125.31390356796959,Downdog
-32.84342443944364,-59.386133314284855,-36.413956197182195,147.15657556055638,-59.54998338082512,-34.03369360699356,135.37177266971239,-121.96349224102661,-124.36423404385464,135.18089445886346,-123.02490916321398,-123.57347613842062,Downdog
98.68740887737995,-102.58230839032176,-115.45596837533479,-81.31259112262005,-101.51584376142414,-118.91682135094268,34.491580584584305,-72.1195214281347,-64.49599622067447,28.643741864530863,-66.55031812355122,-74.3085049519026,Downdog
-19.606422323297046,-139.69226335455176,-151.81590401403568,160.39357767670296,-141.73082731965138,-148.5696748322773,50.26678297515856,-56.79756448221518,-61.03449956465715,51.717890500039495,-59.29752778734493,-59.723755230378416,Downdog
30.334295857914082,-127.15218280635118,-141.34961789563826,-149.66570414208593,-127.86972403940787,-142.07670340393014,46.16449911367146,-55.673630694889944,-55.99077819261404,44.561614730548335,-57.240858726111874,-55.87624310792284,Downdog
-30.64934674995594,-120.73722441739703,-139.62903405794114,149.35065325004408,-119.36895340892255,-132.6628775818155,35.962839412409345,-60.86924040841582,-54.08590616255864,39.78297550865086,-59.54960908468544,-58.49677682948375,Downdog
69.05999175339362,-136.2251957764236,-147.181080060812,-110.9400082466064,-135.54393904838338,-147.96572739587208,48.8894314172695,-55.80956461514115,-54.04847244891217,46.05182495613051,-57.99153185903934,-53.80736464872795,Downdog
51.91038905825784,-130.3238978425366,-142.27568429660207,-128.08961094174217,-126.6643227851259,-136.26839585822927,38.08331563642089,-53.083889219032756,-62.28009118602782,36.404672480752964,-52.96703086393978,-57.88060218749697,Downdog
71.800679116595,-120.1804324277622,-154.92295768678846,-108.199320883405,-115.54241890425006,-132.68048596086516,46.05477041037276,-56.67799572821067,-58.37715190313857,42.89603291950902,-54.60759675427368,-56.53054968797733,Downdog
28.491329835061396,-130.02696941719506,-146.51750337649563,-151.5086701649386,-132.46043267055236,-144.16640202590116,46.714194980786765,-47.98406950948802,-53.24647755678622,46.03909524456972,-49.57082123852111,-53.76866946361771,Downdog
43.33736554159042,-132.3271122905198,-141.07938629504108,-136.6626344584096,-133.13214182227776,-139.78608385475306,43.17769319687203,-52.31505574729287,-55.1926407546933,41.760187768305364,-51.69590226479546,-56.57005579078407,Downdog
110.94512074866158,-134.70754428307978,-143.08339370188313,-69.05487925133843,-133.7794695225485,-146.44165467121945,38.53344484385667,-73.84037846732085,-47.5936385313082,38.24761372998894,-76.11218202200163,-46.49120669686505,Downdog
-108.61008326784074,-53.30094447006431,-31.827317706879906,71.38991673215926,-49.90069744163563,-22.195954536988978,134.67213210779914,-120.55866365563337,-123.40275199154789,131.78662918382042,-121.46579875342867,-119.1583811930972,Downdog
102.77974692718216,-136.32225150276344,-153.99138979025273,-77.22025307281785,-137.59092368231543,-158.28991805393463,47.89031723833637,-53.309047173055156,-52.14596923635887,45.069719546014284,-55.625414373088425,-51.899396522312436,Downdog
158.01988823951783,-123.08328465333803,-134.94542298215393,-21.98011176048218,-123.49353590902724,-136.86215926371995,33.4145892026795,-59.017076319444385,-58.10641508094155,32.906401924887696,-61.207686912538996,-58.3708196471783,Downdog
-23.284751014201802,-132.34612645283167,-153.6570005262513,156.7152489857982,-133.02662986814846,-148.6729064743056,42.79098625807961,-50.783798545308336,-52.63113092403458,44.61081826837294,-49.575610961265504,-54.56382904334493,Downdog
123.27385159470853,-129.22683903586093,-149.8619778501336,-56.726148405291475,-129.04762959937895,-145.23849499492658,34.19833233081298,-59.007816050252075,-57.389876470289536,32.93503964847212,-59.55038325006528,-58.59104660074749,Downdog
78.29192111335604,-136.94389195270674,-148.39069579379532,-101.70807888664397,-132.92531577064332,-150.61832954788954,47.19679200912056,-53.72628286559426,-56.82311129185235,46.71642604913287,-53.536962074091676,-56.4653915154928,Downdog
-32.84342443944364,-59.386133314284855,-36.413956197182195,147.15657556055638,-59.54998338082512,-34.03369360699356,135.37177266971239,-121.96349224102661,-124.36423404385464,135.18089445886346,-123.02490916321398,-123.57347613842062,Downdog
43.33736554159042,-132.3271122905198,-141.07938629504108,-136.6626344584096,-133.13214182227776,-139.78608385475306,43.17769319687203,-52.31505574729287,-55.1926407546933,41.760187768305364,-51.69590226479546,-56.57005579078407,Downdog
25.351039282755586,-126.82842486614923,-134.78647417597367,-154.64896071724442,-118.93902159064021,-136.28460592976333,42.5043395275426,-60.669140224440675,-68.31810274668966,44.74462172091307,-58.26393749177675,-69.0970770646544,Downdog
51.91038905825784,-130.3238978425366,-142.27568429660207,-128.08961094174217,-126.6643227851259,-136.26839585822927,38.08331563642089,-53.083889219032756,-62.28009118602782,36.404672480752964,-52.96703086393978,-57.88060218749697,Downdog
136.31581413324233,-127.3403807565023,-141.0180328404578,-43.68418586675769,-133.48003174291134,-145.62635245011143,47.756099059756515,-56.80316160924825,-57.96872852728354,44.64890139500302,-60.357353597710436,-58.11706873439417,Downdog
-108.61008326784074,-53.30094447006431,-31.827317706879906,71.38991673215926,-49.90069744163563,-22.195954536988978,134.67213210779914,-120.55866365563337,-123.40275199154789,131.78662918382042,-121.46579875342867,-119.1583811930972,Downdog
-23.284751014201802,-132.34612645283167,-153.6570005262513,156.7152489857982,-133.02662986814846,-148.6729064743056,42.79098625807961,-50.783798545308336,-52.63113092403458,44.61081826837294,-49.575610961265504,-54.56382904334493,Downdog
78.56142287030711,-114.72318989564828,-143.6766515099176,-101.4385771296929,-119.39122290713928,-140.3815598874143,47.52839140265029,-62.62760823200036,-64.36144251912727,45.754995438549145,-65.78095306917874,-62.759839000343085,Downdog
-6.062103297087318,-133.67010893718492,-145.064160102199,173.9378967029127,-131.28005574195797,-143.5250144886138,38.333532414933345,-79.43694792315962,-34.79692436877607,38.86802425477549,-80.84192073199327,-35.01132696337944,Downdog
28.491329835061396,-130.02696941719506,-146.51750337649563,-151.5086701649386,-132.46043267055236,-144.16640202590116,46.714194980786765,-47.98406950948802,-53.24647755678622,46.03909524456972,-49.57082123852111,-53.76866946361771,Downdog
102.77974692718216,-136.32225150276344,-153.99138979025273,-77.22025307281785,-137.59092368231543,-158.28991805393463,47.89031723833637,-53.309047173055156,-52.14596923635887,45.069719546014284,-55.625414373088425,-51.899396522312436,Downdog
86.97013343682366,-132.62828770630222,-149.1690256500532,-93.02986656317634,-129.7384339363678,-148.8568285018114,50.945448765526876,-53.89482958159195,-57.33338855987245,49.392105048243714,-54.25882821085449,-57.156210462582685,Downdog
158.01988823951783,-123.08328465333803,-134.94542298215393,-21.98011176048218,-123.49353590902724,-136.86215926371995,33.4145892026795,-59.017076319444385,-58.10641508094155,32.906401924887696,-61.207686912538996,-58.3708196471783,Downdog
150.15854814633147,-124.95622990647547,-141.0260402138554,-29.841451853668538,-126.2843252338971,-139.63024031686206,51.33946228974878,-59.41837419647233,-67.11835164326287,46.33630312699415,-61.56850318307098,-69.39843359335379,Downdog
78.29192111335604,-136.94389195270674,-148.39069579379532,-101.70807888664397,-132.92531577064332,-150.61832954788954,47.19679200912056,-53.72628286559426,-56.82311129185235,46.71642604913287,-53.536962074091676,-56.4653915154928,Downdog
162.8408736929125,-122.94424756269517,-111.94166767857514,-17.159126307087504,-117.30075178185987,-126.10632479100862,39.3781720788439,-53.383653419084816,-51.728373671422354,34.19285074259557,-57.69376228036734,-55.98581785976412,Downdog
-118.48873080732325,-42.1100515386237,-38.184995646912384,61.511269192676764,-43.354451449983316,-38.48085874417928,139.0211999173719,-127.19082615875767,-129.86377162007366,139.13535262229283,-128.64228413108754,-120.674291903638,Downdog
43.22810342904345,-140.35574784324936,-154.06426197242916,-136.77189657095656,-136.5327974426404,-150.51680798230166,38.25715032148355,-52.32140412051399,-49.468439104568155,39.61367585754332,-50.494408100021,-49.46855385913835,Downdog
63.2218709146407,-130.73807370076398,-144.40810950611097,-116.77812908535931,-131.95852979195112,-140.86192639676236,52.752100831132964,-55.36301222405641,-57.991147334239976,51.768169298969745,-56.24965564217562,-57.80105252017282,Downdog
81.15857784431128,-136.53432659373726,-151.112926107766,-98.84142215568872,-130.80295824953768,-147.84007084939026,45.527809579517765,-52.46684861076115,-54.89676977972783,42.70008793773293,-54.1086160823761,-53.233492149934754,Downdog
39.39335194241733,-132.16571053076666,-148.17073447044092,-140.60664805758267,-130.63903444906626,-147.02494966385382,47.36695652633395,-56.17299405253295,-59.76265426655825,49.3379456236328,-53.69231956285364,-59.83288124834731,Downdog
86.97013343682366,-132.62828770630222,-149.1690256500532,-93.02986656317634,-129.7384339363678,-148.8568285018114,50.945448765526876,-53.89482958159195,-57.33338855987245,49.392105048243714,-54.25882821085449,-57.156210462582685,Downdog
81.15857784431128,-136.53432659373726,-151.112926107766,-98.84142215568872,-130.80295824953768,-147.84007084939026,45.527809579517765,-52.46684861076115,-54.89676977972783,42.70008793773293,-54.1086160823761,-53.233492149934754,Downdog
78.56142287030711,-114.72318989564828,-143.6766515099176,-101.4385771296929,-119.39122290713928,-140.3815598874143,47.52839140265029,-62.62760823200036,-64.36144251912727,45.754995438549145,-65.78095306917874,-62.759839000343085,Downdog
150.15854814633147,-124.95622990647547,-141.0260402138554,-29.841451853668538,-126.2843252338971,-139.63024031686206,51.33946228974878,-59.41837419647233,-67.11835164326287,46.33630312699415,-61.56850318307098,-69.39843359335379,Downdog
62.905348882413875,-140.67692543330185,-150.4098984858503,-117.09465111758614,-137.87834891480102,-150.01715224268622,51.00502071686038,-56.44608055740388,-62.91843445063977,50.5325878008372,-57.1216402277557,-61.011696273185805,Downdog
136.31581413324233,-127.3403807565023,-141.0180328404578,-43.68418586675769,-133.48003174291134,-145.62635245011143,47.756099059756515,-56.80316160924825,-57.96872852728354,44.64890139500302,-60.357353597710436,-58.11706873439417,Downdog
-6.062103297087318,-133.67010893718492,-145.064160102199,173.9378967029127,-131.28005574195797,-143.5250144886138,38.333532414933345,-79.43694792315962,-34.79692436877607,38.86802425477549,-80.84192073199327,-35.01132696337944,Downdog
63.2218709146407,-130.73807370076398,-144.40810950611097,-116.77812908535931,-131.95852979195112,-140.86192639676236,52.752100831132964,-55.36301222405641,-57.991147334239976,51.768169298969745,-56.24965564217562,-57.80105252017282,Downdog
43.22810342904345,-140.35574784324936,-154.06426197242916,-136.77189657095656,-136.5327974426404,-150.51680798230166,38.25715032148355,-52.32140412051399,-49.468439104568155,39.61367585754332,-50.494408100021,-49.46855385913835,Downdog
-41.61510528206226,-116.17412153022613,-137.59144079436064,138.38489471793775,-128.02944782133514,-139.02148580689777,41.21176491963659,-57.24098186884394,-51.24426794486682,46.14646339505961,-56.03336787090535,-54.8574992156714,Downdog
50.09876111047693,-133.53785141080485,-144.79598871037393,-129.90123888952309,-137.5299315461389,-147.79258692149483,49.60933980171612,-45.30445599832128,-55.59020418430725,47.82993407324965,-46.86373888864517,-56.05849513008431,Downdog
66.1449456152777,-150.42605533539347,-158.1927936084268,-113.85505438472231,-146.21054649327004,-156.48942102369233,58.80396248993353,-54.478918680722074,-47.43900968321763,57.68229867826707,-53.15341862313838,-47.60310277944183,Downdog
39.39335194241733,-132.16571053076666,-148.17073447044092,-140.60664805758267,-130.63903444906626,-147.02494966385382,47.36695652633395,-56.17299405253295,-59.76265426655825,49.3379456236328,-53.69231956285364,-59.83288124834731,Downdog
80.6159917513272,-111.86123124162856,-159.8076412489402,-99.3840082486728,-109.14519432234465,-168.92206839526978,49.56060611960229,-53.61298446231569,-45.94637811626287,48.3110284546848,-54.75429136499774,-46.34429932861733,Downdog
165.68143843165473,-119.4626645501728,-128.25405296144658,-14.318561568345283,-114.82562769378718,-132.1137043591239,31.528265558939587,-62.305820856030316,-41.86483136940563,28.917136931000694,-61.20292944910547,-47.2426660022149,Downdog
-139.07724111691286,-38.2933418881345,-44.39432465708685,40.922758883087155,-40.68085359270919,-48.50388823535191,132.85894097950188,-125.21986253006841,-123.65589695555154,130.12622644694923,-126.10925404232155,-123.33657516356524,Downdog
94.77591393474802,-144.3749586528591,-158.02459438906916,-85.224086065252,-141.00947279744204,-160.09683152784126,54.10152235124315,-46.89146786345814,-44.76613302764801,51.17475495980316,-45.16560233989166,-49.041624197952146,Downdog
8.276474910675143,-128.91148466857632,-135.85996902548692,-171.72352508932485,-123.18763526219875,-129.6161220333901,49.798269919209034,-66.02140370849979,-67.15293652232275,50.196637664038875,-65.7175125341631,-66.75731648843063,Downdog
-129.95306978375385,-41.62788819036448,-29.23696521456227,50.046930216246174,-33.10235166899088,-29.478533496727128,136.8704528413227,-132.86813668293252,-130.74039399287008,131.8535230964155,-132.749274847651,-130.7647144496293,Downdog
9.810731593984308,-123.80653870764088,-125.64887954890375,-170.18926840601569,-116.28721629077529,-126.41461007627139,30.651393525866826,-46.073957160618384,-49.62178832827284,31.756624556369736,-45.16361036749948,-51.46111675490837,Downdog
-77.82760764524532,-57.697642096413006,-48.59507360802218,102.17239235475469,-57.611096191066274,-41.92834175039126,139.30386051862158,-118.24181057027928,-123.11143742990411,137.77330286356968,-117.14602990501427,-122.47287333180584,Downdog
-1.8777088108262217,-123.98183040771521,-140.1702526910154,178.12229118917378,-119.59657448128787,-136.57830006695335,40.39336019665511,-57.015333706396646,-49.121193984310935,38.13769514965135,-56.82442842796873,-48.25582353168308,Downdog
112.85074908815814,-137.7070471449476,-150.40138360354084,-67.14925091184186,-136.72734691639576,-151.40369448817276,48.490398202679124,-72.02359851886098,-42.038703004220636,46.275546755660756,-77.1149646508819,-39.31088944100293,Downdog
-22.959083284901183,-128.48825661717686,-135.1581787416882,157.04091671509883,-123.89050150360298,-138.03470773545789,39.44104725223545,-54.35103191348581,-59.88498713897833,45.30581526237929,-51.69166994552933,-59.816312681487695,Downdog
9.810731593984308,-123.80653870764088,-125.64887954890375,-170.18926840601569,-116.28721629077529,-126.41461007627139,30.651393525866826,-46.073957160618384,-49.62178832827284,31.756624556369736,-45.16361036749948,-51.46111675490837,Downdog
94.77591393474802,-144.3749586528591,-158.02459438906916,-85.224086065252,-141.00947279744204,-160.09683152784126,54.10152235124315,-46.89146786345814,-44.76613302764801,51.17475495980316,-45.16560233989166,-49.041624197952146,Downdog
-129.95306978375385,-41.62788819036448,-29.23696521456227,50.046930216246174,-33.10235166899088,-29.478533496727128,136.8704528413227,-132.86813668293252,-130.74039399287008,131.8535230964155,-132.749274847651,-130.7647144496293,Downdog
-77.82760764524532,-57.697642096413006,-48.59507360802218,102.17239235475469,-57.611096191066274,-41.92834175039126,139.30386051862158,-118.24181057027928,-123.11143742990411,137.77330286356968,-117.14602990501427,-122.47287333180584,Downdog
-140.17959614257,-49.579384204379394,-31.123794547360294,39.820403857429994,-35.37267560377808,-36.79586194639888,139.0425255087064,-117.28263140226044,-119.5056373704939,135.85628807181132,-120.19829925701248,-120.40556556418736,Downdog
112.85074908815814,-137.7070471449476,-150.40138360354084,-67.14925091184186,-136.72734691639576,-151.40369448817276,48.490398202679124,-72.02359851886098,-42.038703004220636,46.275546755660756,-77.1149646508819,-39.31088944100293,Downdog
8.276474910675143,-128.91148466857632,-135.85996902548692,-171.72352508932485,-123.18763526219875,-129.6161220333901,49.798269919209034,-66.02140370849979,-67.15293652232275,50.196637664038875,-65.7175125341631,-66.75731648843063,Downdog
68.14802743918027,-130.11092979263412,-144.6795233734411,-111.85197256081975,-126.45609575710527,-145.33210512709715,56.014613446406756,-56.42365385282371,-57.42829125508968,55.322539235060006,-53.660959844115865,-57.86434127731227,Downdog
122.45844740956365,-134.98832983421727,-139.36748903328396,-57.54155259043637,-140.0462570688645,-143.46420847905597,42.924618969969,-50.70996308820369,-59.1640452515383,42.149119358713385,-50.27165434225039,-59.731604064214174,Downdog
33.77668152103664,-128.04035740160774,-148.647647493464,-146.22331847896334,-119.65458314908635,-139.58027274930438,45.62026833268275,-65.93563465905909,-51.409016756255866,48.22336457192228,-65.80867230345824,-49.74455996275182,Downdog
73.71913203162539,-127.98281087027293,-160.28429000334015,-106.28086796837461,-128.26150222292486,-155.6257420921272,49.14808669730095,-52.62373586509503,-47.366547945536794,48.449530257713896,-51.891245640432345,-49.41870703929903,Downdog
-5.098260574240933,-135.185924423795,-144.51557888635833,174.90173942575908,-130.87984773610492,-145.7860759140237,56.27448601251523,-55.61051776372799,-50.547789851206474,57.50978464790176,-56.92198538816168,-51.501102367819776,Downdog
-150.35209683924566,-41.651782654728414,-26.127589181297495,29.647903160754346,-41.93899685310959,-26.390927299003078,133.6126205117573,-118.64839585215587,-123.77626180742236,129.57803125607947,-120.94866301536617,-124.0266854459361,Downdog
-1.543251681012079,-136.0871507392181,-156.5970958563345,178.4567483189879,-133.2063721572736,-156.87739646007202,49.56320927231496,-50.4198852365915,-56.84074616668091,49.47213527800409,-50.14956754560628,-57.43278017859387,Downdog
-20.115293183539507,-115.25085502404116,-135.14623643111688,159.88470681646052,-121.65096314771708,-136.5921883637711,48.5110284130337,-61.48479468716519,-58.035333782985525,50.46872542016688,-63.1764274861225,-57.73613666667771,Downdog
136.45297902997416,-135.85387477505864,-144.44080840238675,-43.54702097002585,-134.07806932122466,-144.36678652688158,31.920455419687286,-58.936854684134296,-58.78872328201296,31.550764102529776,-59.40607701074534,-60.182247719979046,Downdog
-150.35209683924566,-41.651782654728414,-26.127589181297495,29.647903160754346,-41.93899685310959,-26.390927299003078,133.6126205117573,-118.64839585215587,-123.77626180742236,129.57803125607947,-120.94866301536617,-124.0266854459361,Downdog
-5.098260574240933,-135.185924423795,-144.51557888635833,174.90173942575908,-130.87984773610492,-145.7860759140237,56.27448601251523,-55.61051776372799,-50.547789851206474,57.50978464790176,-56.92198538816168,-51.501102367819776,Downdog
114.51582673058263,-99.23089049204565,-115.89833148827428,-65.48417326941738,-103.27740343586197,-115.8661324118806,38.02690291516699,-58.413255415183656,-61.145693223202734,33.41898151454004,-58.07070692100536,-60.84869035612175,Downdog
72.65706344027656,-118.9658842486078,-142.8701606107763,-107.34293655972346,-122.3915215815171,-142.13688757224133,44.2242500572241,-54.910635039164106,-56.333728540691325,43.3269054336668,-55.040428394802206,-56.17379835715076,Downdog
-59.54416843799705,-98.95827079033316,-91.32941251511133,120.45583156200296,-96.00905631244284,-90.8433818350905,-163.11931030692446,-159.6957901660456,-161.60752261209234,-167.00413918111062,-156.23329546020466,-160.92958308389782,Downdog
-157.003797355436,-65.36711326892227,-52.436606103999836,22.99620264456402,-52.76548168147206,-53.137747572422406,147.39745443149437,-120.85736125137164,-123.77527966156748,142.096767477643,-122.97451259800067,-123.91102280737128,Downdog
178.5253318928258,-46.43551594889167,-36.327738083987896,-1.4746681071742045,-52.396537366884026,-42.86674029695517,134.84573824318534,-121.4109663780749,-132.67756419627904,133.97876733214068,-72.70506598601924,-81.55083242975334,Downdog
-109.27042388529358,-52.81872130100075,-28.57609676586409,70.72957611470642,-50.89582390735229,-28.668779087605596,123.92771668680702,-124.84781982062694,-126.35656543722934,124.13283185974382,-126.7758516331716,-125.2608278069163,Downdog
-11.43203418690952,-73.57070651111904,-37.46669653032041,168.56796581309047,-72.44136895764866,-34.37116199470655,137.24214891409983,-122.76581068665998,-120.80371777842446,139.73999759946156,-118.83908636253145,-116.76189459405532,Downdog
80.74547355396001,-112.09918067673286,-126.47139266880147,-99.25452644603999,-111.48438051163242,-128.0516161700637,41.762261883343925,-57.559661311050796,-62.14364700035025,38.70913239826479,-55.962859490955296,-63.54348152456105,Downdog
-114.08721025806338,-52.80186585763038,-43.08525102735226,65.91278974193663,-52.90628557277231,-38.77925007669912,142.68028162615795,-127.81754500499352,-131.0609619413269,140.58263355459263,-128.3785907875338,-129.2432515560286,Downdog
-5.599811419144644,-124.61272765374589,-141.22626806483387,174.40018858085537,-121.69988512661453,-138.42846048199632,40.97384484044296,-64.03728688213228,-58.384912982147895,42.20072321992125,-63.87433984569602,-58.9703807123785,Downdog
-67.0249480201815,-71.75314365237551,1.5391362239741628,112.9750519798185,-73.23509492319934,-16.840965892370708,127.26093070993791,-133.4978211496534,-135.07328162192636,126.27918908248634,-134.66391493679234,-132.53629394949516,Downdog
54.09273601928641,-141.0431351197381,-142.5971087428959,-125.9072639807136,-135.2205745026503,-144.8440925155532,38.58100953179223,-58.6238114127424,-51.08149546946181,39.40267158708359,-56.58777942161749,-53.85601374505879,Downdog
60.51265289454097,-119.51478229975557,-138.11989909730204,-119.48734710545904,-119.42835957356726,-137.99037207512893,46.737712637959454,-62.763487779820395,-55.204614464670094,45.4980412986911,-62.35071728539574,-57.032455765239504,Downdog
68.78309824394269,-142.47356225688753,-154.33006934337192,-111.21690175605733,-138.72082183925357,-154.5547870721733,45.873553617177954,-54.60475120569313,-41.56595798213714,44.30537498802934,-52.18323979532301,-42.540226621995686,Downdog
145.69453127746888,-132.96083016334603,-142.15308982828338,-34.30546872253112,-127.18329408247443,-138.5415898814526,39.28169928586087,-61.58398545718689,-61.571921247694,31.935401445866923,-63.42245251312136,-65.66874282838641,Downdog
-144.04009797614972,-50.76053791851349,-43.60724284628104,35.959902023850255,-43.135964529564326,-42.020517951635426,148.36891565341864,-118.21859606286802,-116.54329759842913,140.67320000832257,-120.39369068837814,-119.97287625451105,Downdog
-67.97023097600606,-26.545622031189822,-16.88247289172337,112.02976902399395,-28.78658780040892,-13.505209028530203,154.3247264285671,-118.214125664779,-114.46856924303039,152.67434436939948,-118.92297622877055,-114.58434219363677,Downdog
-23.13735537667781,-120.68132774052908,-135.0121564274703,156.86264462332218,-118.06383637472419,-137.63849754910567,36.15496550439593,-83.80499968353631,-29.177457638151548,36.90353339934622,-83.3841127114939,-29.144699489162523,Downdog
-17.064750356350906,-141.87661646102094,-149.34609194906957,162.9352496436491,-137.19323291364972,-147.8355539299935,39.75355050233209,-48.05078692863198,-45.776930959323806,43.066710892778694,-48.100791798078404,-44.58041085393753,Downdog
-23.13735537667781,-120.68132774052908,-135.0121564274703,156.86264462332218,-118.06383637472419,-137.63849754910567,36.15496550439593,-83.80499968353631,-29.177457638151548,36.90353339934622,-83.3841127114939,-29.144699489162523,Downdog
-58.048716315055444,-41.93984606660902,-10.255174021580565,121.95128368494457,-56.54185898709596,-14.068892104276516,130.69290394839823,-119.00233712900759,-128.6930885966123,130.47163090092772,-116.01975949663702,-127.41912793069393,Downdog
-80.00824822811943,-67.8469270071913,-45.36203983332753,99.99175177188059,-65.20464718425266,-46.898082484085805,153.89311412619625,-128.44489162521327,-142.5866175428292,150.7575312893604,-130.00567861989643,-140.47554470265348,Downdog
43.507888932109516,-49.246275079675826,-45.48172674647962,-136.49211106789048,-57.24106274464853,-30.916186889099233,134.0828544247921,-129.304851953372,-121.71945951345248,137.5468256721617,-129.58121738533728,-122.23911025016461,Downdog
-30.73109793125303,-58.79591845903237,-34.58772058828284,149.268902068747,-53.95121408778034,-35.9780617981843,135.0283270116805,-120.64973111399686,-122.15044216842638,133.34884142258144,-126.08841043110802,-116.24151181219132,Downdog
-135.47154687662228,-51.98739305803963,-34.57278588322346,44.52845312337771,-51.90179670249324,-39.78127378833484,132.82863838426454,-115.3003170909956,-119.060188491309,130.22917425788933,-117.36515819764847,-117.93296812825268,Downdog
-12.88165016691326,-131.29450074373395,-143.18592184204817,167.11834983308677,-131.19284491249914,-136.48115532267968,40.88851985580936,-55.99207534724646,-56.10110952329062,42.72366792632577,-57.296248107355105,-55.668103460250855,Downdog
97.8409800446881,-107.12529390725591,-143.83163004793235,-82.15901995531192,-108.38703973574059,-136.86913241610253,43.03007277058745,-59.171400884560114,-51.57797225523275,39.17062434474506,-60.258355379009004,-51.429885114911166,Downdog
-6.734590139911538,-129.1818993109094,-146.50512375186082,173.26540986008848,-127.08130235737488,-144.75747007732815,37.81913447770012,-49.1512559716801,-49.115345438177435,38.730861671408306,-48.81363725410405,-49.9100286229668,Downdog
130.18647263625996,-125.71143436262847,-142.03677043263943,-49.81352736374006,-130.5699960703153,-141.00951466795834,49.41829234399623,-47.28387415531453,-40.78784236375086,40.722582292541205,-40.729795003295855,-47.83719910874251,Downdog
-95.83044088436564,-38.20454378244121,-32.24758689073486,84.16955911563436,-39.282592972589754,-31.55447050208034,131.9295160681112,-122.91334432133938,-124.56726899431874,130.24502797394194,-124.01253824371044,-120.27994172908005,Downdog
-103.31502390937489,-61.12279091503439,-36.94455538310645,76.68497609062511,-59.50792804196864,-35.955764235394795,128.51310284240435,-119.15640661624512,-118.9797679116793,127.93376798413497,-120.45582545666826,-118.64755591140542,Downdog
82.93463743407686,-133.6113561469605,-152.31507632113792,-97.06536256592315,-132.09421913127753,-146.83789525855295,40.59407521642243,-47.31906400321488,-54.57093458210528,39.310666441552165,-46.71870070137977,-54.85701457691652,Downdog
-9.39044853890716,-131.1245161412394,-140.8404721448896,170.60955146109285,-126.78328553264761,-142.80307077644287,45.02710757954363,-58.54164103542265,-54.66496224334559,46.72366881874731,-57.67365663642508,-55.3257465068381,Downdog
-147.08536880072234,-43.620315650178355,-21.584967028225883,32.91463119927767,-36.54884099087635,-23.997375624140695,135.44783279085246,-130.02860023231128,-137.69804653166597,129.84446906853532,-128.22434168422143,-139.67393085957752,Downdog
-94.17566061421195,-40.550911059765156,-33.17010480187716,85.82433938578806,-41.615561286674975,-31.207073547395193,131.20246725012106,-124.32337211041273,-130.70982577989966,130.51392934224071,-126.07320175894758,-130.2459941898098,Downdog
-130.01063259286053,-56.80296482168275,-36.59275207187787,49.989367407139454,-46.67370505269672,-43.23137095400817,134.59718578026397,-123.64116915967065,-118.71482074322759,131.50317159105168,-124.72695965094944,-116.82395958560565,Downdog
-9.39044853890716,-131.1245161412394,-140.8404721448896,170.60955146109285,-126.78328553264761,-142.80307077644287,45.02710757954363,-58.54164103542265,-54.66496224334559,46.72366881874731,-57.67365663642508,-55.3257465068381,Downdog
-106.64985120968144,-54.058488812835314,-35.63438000532014,73.35014879031856,-53.32498230350092,-36.882017961320194,134.55490154002212,-128.28944480366525,-126.40174364828673,134.53982118466212,-128.2193662163929,-129.1145224474919,Downdog
-126.47623675869254,-42.09953929755903,-33.218873641909965,53.52376324130746,-39.070724409203265,-42.32071648323956,140.19430616889215,-121.5124563469217,-126.83837090286056,138.0525334515573,-123.74329518152351,-127.72144422789296,Downdog
-52.654233114455266,-62.86705295700997,-44.2463954279061,127.34576688554473,-60.472885232314624,-42.804385710672236,136.6627022091278,-117.09534769768631,-113.74320937759865,136.34554648294315,-118.33000234324165,-112.51246678340041,Downdog
-10.297961062488048,-117.2197670490715,-131.8749281330747,169.70203893751196,-116.77631725485101,-127.48870870064808,39.16724855636994,-66.76606881600348,-66.1722805109854,42.30777770908431,-66.93920262610733,-64.74239498233987,Downdog
159.02371618456732,-123.70178087978759,-152.05778852383474,-20.976283815432687,-140.84511124232043,-164.24689257148,52.00279190438275,-44.681816591530726,-38.15964573349911,49.08760806763274,-48.49975587875869,-40.58550590947207,Downdog
-12.317801238692764,24.22824483378335,-148.99333829917748,167.68219876130726,-111.38502194300882,-127.50760421913137,44.07946623443339,-58.78971225715838,-56.42222282931696,52.25501340479463,-61.37157649051522,-50.168305405084894,Downdog
-92.50198948019869,-51.22985146050212,-30.023515500977375,87.49801051980131,-53.168353127958625,-27.674033520309315,135.56219735236473,-132.45045430069322,-122.56545503114513,135.01615854794596,-133.06985846559635,-123.76734071222428,Downdog
81.67325854013058,-136.32568237910056,-151.3902475936827,-98.32674145986942,-130.87738033129108,-148.13555076010647,45.47220055134332,-52.36320821174583,-54.961390837568366,42.53592554889307,-53.975640561268875,-53.373157026665396,Downdog
-121.98600918026867,-41.765684093864316,-21.429499216498765,58.01399081973135,-41.16472207198483,-26.64886889876798,133.15744622179858,-121.76208691532275,-126.34692705928506,130.16362353486775,-123.01395708475593,-126.65308593690838,Downdog
-11.177700880294731,-130.32648986624423,-146.50613103705106,168.8222991197053,-132.27222206911617,-143.87448869429306,45.53806698147272,-48.41872188258575,-53.16815285714874,45.25007655913351,-49.861675797939505,-54.41091107358466,Downdog
172.55693646264376,-121.03062061403723,-147.06431099497686,-7.443063537356241,-124.07687371759191,-143.3398490421599,51.62968071574934,-69.60339126582761,-58.61034941162796,49.50753440616699,-83.02668037473882,-49.959192191908876,Downdog
78.75882349897769,-133.16771659718418,-141.29315811552624,-101.24117650102231,-127.4224211113058,-139.94603076275345,44.32058135915106,-57.859601120744706,-54.536925818788895,45.09380612575084,-56.509824371176975,-54.87953608147862,Downdog
20.105576460221258,-140.48227613045452,-152.9502320449187,-159.89442353977873,-136.02088709720655,-150.10125008596586,38.979881835392995,-52.59439716363108,-48.341024371220016,40.41193167459941,-50.790777515478204,-46.40973136932688,Downdog
-171.75297117898432,-65.70095735477625,-39.83754644823391,8.247028821015677,-62.99338955728055,-43.98957088685111,143.70249928133958,-115.98768711264789,-130.30115263991732,143.2954129581101,-117.87131160037818,-130.97613937748403,Downdog
56.409773210835674,-120.9753729325584,-123.38500608953835,-123.59022678916432,-118.50696102962183,-127.34474266733127,27.306118314505994,-56.42043924616187,-37.90539647541419,23.05298797385091,-53.99913122101068,-39.80149892826442,Downdog
-142.536693810769,-35.732062245819506,-25.809267440551512,37.463306189231,-39.462040609035185,-27.474529432452254,131.46874628739684,-121.60981718918255,-126.31308223691983,126.93158021678595,-125.27262295160365,-126.48105625327983,Downdog
89.33802788267988,-132.01438178274566,-144.18432011993718,-90.66197211732012,-131.77281330437688,-143.07636471664432,50.518501855944656,-52.520197162890256,-54.29564470536933,49.17813345866979,-52.48523725248154,-53.81631826475847,Downdog
46.099849273525024,-146.27151750311256,-152.24499671370327,-133.90015072647498,-145.95793758647795,-159.16999325571754,57.83038198531077,-54.61352699472446,-45.49985828126178,58.38523826713187,-51.221211709929015,-44.3404533629492,Downdog
132.09573038680023,-131.91505333846055,-139.33652844610657,-47.9042696131998,-99.71777010559414,-141.09294915744712,39.96613815237184,-49.15320347996762,-56.6207866264865,39.918418622804445,-49.617644472271294,-58.11434253924069,Downdog
72.14711457472607,-137.77599361899604,-147.11596353602897,-107.85288542527393,-134.9010063880904,-151.74634649939546,44.88072197989535,-67.50381689834485,-43.46054165459768,45.168144357291524,-67.15693996290737,-43.65947610914414,Downdog
-121.71757730493313,-58.11406152020077,-42.64876614450044,58.28242269506688,-56.02786084110426,-46.76136653309149,144.15121692328475,-129.5249070712144,-125.24624479978439,142.82132574404304,-130.42716746253686,-124.45974361981234,Downdog
87.48005721221534,-131.45312403014378,-157.02123616651522,-92.51994278778466,-132.25927361019842,-155.67481746441138,48.49271486675292,-55.046941340264006,-54.595358290026354,46.89732519572382,-53.85923338523018,-54.70920507071238,Downdog
-109.34544078242928,-131.67631330579061,-146.809467166335,70.65455921757074,-130.24827278136925,-148.72792194873435,32.84370705294093,-56.96244043843759,-58.03028527787576,34.99539640069041,-58.83624327862576,-59.055256426359946,Downdog
-177.91614756508181,-148.541911546824,-145.22287998240003,2.0838524349182124,-101.48287733991152,123.00454152536955,-117.45168481100991,131.7755857123674,-59.32290223535999,-99.45161936700354,33.46782660301475,-99.16238491626223,Downdog
-139.39029746541965,-54.76484870296457,-33.42663582461586,40.60970253458036,-51.94108781886491,-35.52248654355165,139.09211390286433,-123.25301479327793,-128.30144824031657,136.08081558813217,-122.36526268715633,-129.6101906431706,Downdog
53.114450384221264,-134.03104151613087,-140.2689456684133,-126.88554961577874,-134.6571884312103,-140.84123502921457,51.21008797490379,-64.4283205529933,-67.34166790048542,49.241514063069026,-65.5626969112314,-66.92599878054024,Downdog
-161.80487615564192,-44.09553256760056,-18.292754865019113,18.195123844358076,-41.14010628709196,-18.221632842119526,125.31578712884597,-127.68418350118071,-128.28761486043035,121.1659599596626,-130.02817722217458,-130.84351547709224,Downdog
-81.2412471596776,-144.55656153535975,-152.04333683933623,98.75875284032242,-139.1202873917419,-153.2414954442949,49.89038790191167,-47.82830610360458,-48.3818328673699,51.65522015300241,-48.84821557184176,-47.57100565634057,Downdog
-9.298024040911876,6.845104981935796,-152.5150588601638,170.70197595908814,-111.629807163709,-126.56752353202378,43.79365165583232,-56.50765597804079,-58.49160908180917,51.00665937687958,-60.348429643717175,-51.44169219275597,Downdog
95.75157000752748,-126.40661280069364,-142.01878674169726,-84.24842999247254,-125.92296765844706,-144.17154078344234,50.52438137223858,-55.22018811584612,-54.39605253243336,48.6752634852186,-56.083530618659296,-54.11895980818239,Downdog
103.7158675255612,-124.32928870725827,-136.54018752915297,-76.2841324744388,-120.13859678631154,-138.83448125663645,39.90496018473117,-55.05288641687058,-55.14482872145631,37.62956050633581,-55.081603410083254,-55.59304947071826,Downdog
-159.31590869903889,-53.92305307903932,-37.6247787509109,20.68409130096112,-48.264386079714875,-37.82372538488552,135.27948336281446,-118.26327502129139,-122.61624744034727,134.92023472411185,-118.99563930167785,-124.02745496585844,Downdog
-94.59758074237996,-133.28182955725484,-148.71001050844436,85.40241925762005,-130.3246824320779,-152.16462495071562,48.935740081956325,-51.75565158882608,-45.0581857215521,51.62631719226082,-53.75442018398377,-45.94519673045027,Downdog
-85.54850831302832,-49.33629329672895,-39.45052783160389,94.45149168697169,-51.49854977087459,-41.77601985215262,139.35712300140867,-125.25402852801751,-119.35868642567137,138.81709900985322,-122.21445311360708,-120.54386486090429,Downdog
-16.298468886158616,-83.20626726830517,-120.93428091093334,163.70153111384138,-134.63594402255754,-138.87841043962487,56.48912805720906,-61.858927385857456,-51.246993302829964,67.10443521951962,-53.11978554250976,-58.0167690297302,Downdog
-172.58953121215745,-120.67876397459092,-142.8704941267382,7.410468787842541,-120.70511710002438,-139.32911319403377,52.9580202983599,-61.82517195234055,-62.61428851708441,49.44207798143776,-66.1705856920374,-62.92944059179891,Downdog
-171.0548186064156,-48.99564173498913,-32.794483362742746,8.945181393584397,-48.431795095522034,-32.989118982068334,132.80747642638164,-120.4775052417062,-130.9158625706224,133.12948673351525,-122.67444045374215,-130.98600150750238,Downdog
-32.40493086448279,-48.821395925164204,-36.16554630491207,147.59506913551724,-47.94163312811953,-36.94343355776352,133.7476426456724,-123.81908279581673,-133.72742442430686,135.66298338178498,-124.10274519245651,-131.4864997269676,Downdog
-4.940908745644609,-127.60922961571069,-133.8147842461627,175.0590912543554,-125.86296488132434,-127.50105656026749,49.93596095472556,-64.82158990508852,-67.13574345095608,49.9837454742858,-66.9958788515538,-66.93986009502495,Downdog
-124.8441876742581,-51.538190956284524,-45.95029871358272,55.15581232574191,-52.273994946794275,-47.61603429264069,138.07875812634458,-117.09704370702448,-112.69746965995354,134.90090735149593,-119.75784591553276,-112.54242647634734,Downdog
21.30534279239779,-135.3442351297956,-143.38409010695048,-158.69465720760223,-134.4091095025417,-140.6020538023537,49.2991537652249,-53.72263205899488,-56.94343586694937,49.26029575480569,-54.81402435325089,-55.68023499421091,Downdog
-177.45961094571578,-179.1705174342556,94.30211931408743,2.5403890542842156,-2.907205232073263,84.7192572959293,-101.34527640093077,-162.28758282346251,-87.72510797881762,-74.55759109149929,-18.672214815991275,-89.38545304092307,Goddess
-178.01488844050687,-178.01190640439498,94.6718872372665,1.9851115594931437,-3.9168823911693718,84.06892313135747,-101.03122763281051,-162.2180178117651,-89.23275156494277,-74.45908894956351,-18.623772573470795,-89.65319380086231,Goddess
177.10827768133146,179.58946698742463,114.38742294645216,-2.8917223186685472,-9.85616976611817,56.18199133603347,-104.81450730708694,-176.71783722593784,-90.39875796215622,-78.62146576658299,-3.9841794399656556,-88.75252399278551,Goddess
0.6873942283090371,-13.361966997694005,90.31479393133226,-179.31260577169098,-173.43202233233626,95.36110652632541,-80.23854482193582,0.6202219905719266,-91.44712795821953,-104.46737732493263,-176.55583940604672,-89.93970224816903,Goddess
-0.019824120771413226,-3.9403317388696757,64.37669746383206,179.9801758792286,-175.03244124985295,116.9480798704888,-78.32197158712489,-10.457359106268813,-84.01015402571629,-104.62947854960815,-166.49266698900243,-94.43250560747207,Goddess
-178.69870061954495,-170.9907923725226,112.76831027106084,1.3012993804550588,-10.944026833552256,74.97182805794986,-103.7193951559852,-164.79253812672107,-91.5242198817285,-76.7320049437335,-12.891229317286383,-90.71605816191632,Goddess
177.16135499979097,157.66103520282812,82.72124418786633,-2.8386450002090147,11.983053876814177,91.46180668731995,-102.36624045441783,-154.66602014268972,-95.81339842438527,-78.48146511429945,-16.75008237266654,-89.38011549956715,Goddess
179.5888350531413,177.01627812748114,110.53659552822572,-0.4111649468586814,-3.8684661260986486,69.91382577277905,-100.30540671146065,-150.97948929795567,-99.52194051899914,-77.21529894418416,-26.6339530573689,-84.7627165137377,Goddess
178.25513764686377,-179.48001145728188,99.75307368720071,-1.7448623531362248,-5.626522894406178,71.36494930106154,-104.34546513979478,-121.4551816647482,-101.46373716236008,-79.71948524322846,-55.325265306632836,-73.13220209244153,Goddess
-178.01541885481134,-177.40829478504693,91.80743156769027,1.9845811451886672,-4.7138624670835325,80.19947546544729,-101.59498645576436,-162.4364781217065,-98.35521732127398,-76.29262720073808,-17.495881754506566,-75.26870199840653,Goddess
-179.0227012550301,-167.18932843944393,98.88938336825522,0.9772987449699104,-13.540993837616465,80.666560125638,-101.83902478909837,-164.12892299949223,-85.38468627855525,-75.45437147643074,-16.018270903081536,-85.71016278754736,Goddess
-177.75367861055958,-90.42931665556554,54.17790408277563,2.2463213894404133,-87.58721346960142,126.2941801230712,-102.88540124615332,-161.31985455087826,-100.5449265795286,-77.46409919488042,-20.068743726868156,-82.92739815255608,Goddess
-173.6161160974424,-123.0113827085239,23.341958474332863,6.383883902557612,-99.31673501462815,164.56421107858912,-102.13822048346564,-169.6442377317654,-91.61591279314527,-79.89151184759272,-63.273186812467515,-96.1663893023328,Goddess
-173.58019344057473,-110.50912746572382,11.681835101449273,6.419806559425275,-63.98362507842407,-177.9467467740113,-99.9506838359747,-172.68098151891988,-73.59991244250767,-70.58818945768502,-12.551069548660886,-96.02957305118419,Goddess
0.9582200624689285,106.98995723417259,102.06886214429947,-179.0417799375311,80.1712395375377,67.20417449823199,-79.7436331038876,-28.022138280005677,-88.31506769523234,-99.19264327725135,-151.22337129392182,-91.67115648146627,Goddess
-178.46326812881847,116.30426631432827,104.15927421762477,1.5367318711815523,69.56654084116494,71.5948081407723,-102.66422343200385,-169.01995869841107,-85.47262822189253,-76.57881672981236,-9.059817349493006,-95.63334751348582,Goddess
-178.90486578798877,-175.75427188592224,96.30730434005987,1.0951342120112249,-7.000371908079531,77.70683895874966,-101.60210682638494,-167.2049056611281,-91.77165380405845,-75.88915285753555,-15.231532696125884,-87.9667689457177,Goddess
-179.59430098415928,174.22506068245298,104.88960408703632,0.4056990158407404,-3.4777208553138474,73.58227622283684,-103.77374672615404,-172.00343890402502,-82.20540728929734,-77.58786760329906,-10.84316064543655,-97.5933727371088,Goddess
-173.4805134085166,87.02825835015615,90.08336416934982,6.519486591483423,74.55120859141256,87.12556951425198,-95.06900160425154,-131.04632803620387,-100.76482996510728,-77.18908982189585,-19.930103878266,-105.33205833938706,Goddess
-177.57715429227545,-164.78075738660732,78.62843928212067,2.422845707724545,-12.686739392658385,108.26092285759321,-100.48946485865233,-133.37760597201418,-89.3358315057226,-76.4055729412209,-47.15753822328588,-88.89247065118862,Goddess
-177.48415251786113,-165.62647592386574,99.7252758091001,2.5158474821388706,-14.774022234731271,74.6668492342427,-103.6223936434647,-146.67963190645042,-85.76419378969638,-74.27171109594433,-30.80698350055844,-97.43438272178864,Goddess
-178.72985900886684,-100.33873465370314,40.34228903734169,1.2701409911331856,-78.57190616805624,136.46005608742385,-105.26222947199466,-164.19757583768097,-88.82876030087758,-79.65365064275892,-13.874929443700845,-92.79400636492514,Goddess
-175.3503320651441,-126.76101911667385,50.33590173809675,4.64966793485591,-98.83799565412701,145.39266902118788,-93.69882549002931,-174.31756224373174,-77.98577806312514,-70.06531411261886,-17.170849226837497,-84.30790820217206,Goddess
0.7019052990987131,-11.935883318083004,47.14617752707269,-179.2980947009013,-161.83718649552196,121.40586594100475,-76.47807875212392,-16.77749332158375,-79.18660919026424,-100.98250101063327,-163.37327736888966,-100.69283313074597,Goddess
179.86697654261746,-163.46654452872164,92.0788285051814,-0.13302345738253935,-20.476067580196613,86.63690804230741,-105.07826679612502,-144.15829180175064,-86.78253790918924,-79.78978700808722,-39.64042162775788,-103.58411125519501,Goddess
178.94819410908988,174.27064669827428,139.1726664045823,-1.051805890910105,6.094593488309683,38.70816510344691,-102.40978806626211,-131.28048055156142,-100.45269228577051,-80.07159461384916,-45.38209751228461,-77.63999779243682,Goddess
-175.86303214694271,177.54817357200417,175.34692006030895,4.1369678530573095,-4.3744831147775685,5.375326944118726,-103.84017095780187,-169.8072720637835,-91.00983394990041,-76.65764956326689,-8.47380703410997,-98.47417246916412,Goddess
-178.8655106424048,-125.83205915580184,-130.80078287572843,1.1344893575952146,-58.9170705481284,-44.97065474539276,-104.76291585967961,-171.54502913056228,-89.63468894623337,-76.97167414287527,-5.076781372591878,-92.01523096206614,Goddess
179.09300534470637,159.28914717044475,98.90349620848774,-0.906994655293626,26.7162629560846,86.37056821449744,-103.37733535892623,-166.10545865998262,-83.5978707395317,-79.11502526035456,-16.90180309371711,-111.44665712293802,Goddess
-179.09525109221963,-170.746222872939,84.96039139884681,0.9047489077803724,-16.034628375569287,87.86967171332427,-104.06845384317684,-162.09255088619514,-84.1087827191811,-76.70562105021538,-18.033121566900395,-94.12721450600691,Goddess
-179.60465451848808,-170.9925327378602,86.41121558140871,0.3953454815119339,-14.895672759880702,91.74196514915283,-103.80228805811858,-161.1891379509556,-83.74383182468955,-76.32078202359189,-20.405997588066757,-95.52360950412968,Goddess
-178.33510913881494,176.47488846890306,88.82082915325049,1.664890861185055,1.2289530349034572,82.5619441852412,-103.08815261557314,-153.14880974822415,-92.60332451589468,-75.81933095311797,-30.224758814898337,-84.59633254271564,Goddess
-179.30283191099437,-162.08545810842054,102.5605413689596,0.6971680890056208,-19.92854887681574,72.9093570055886,-104.29967226461808,-174.02166649520373,-95.37406622741256,-77.96744721988696,-5.773017757418126,-89.03804078070416,Goddess
179.75142186799246,114.96157953023446,96.93945808642488,-0.24857813200754153,67.34155985221098,84.37039687713288,-103.22143193673759,-176.51845257356885,-81.85696166313643,-78.4708753333157,-5.322496599368089,-93.91445966721813,Goddess
1.1916780458504461,12.570681043035764,85.16981870566664,-178.80832195414956,174.54130151486694,98.13141414597695,-76.85352340151483,-4.084963628012553,-72.20476371682857,-102.78541634793844,-175.91683934056053,-105.20818521983236,Goddess
-178.69870061954495,-170.9907923725226,112.76831027106084,1.3012993804550588,-10.944026833552256,74.97182805794986,-103.7193951559852,-164.79253812672107,-91.5242198817285,-76.7320049437335,-12.891229317286383,-90.71605816191632,Goddess
178.77922551252797,172.02819500204515,83.62364293203699,-1.2207744874720168,5.218410124655282,93.4672678020982,-104.23355920742753,-155.14740787714436,-92.51437563206787,-78.02271980203378,-22.653483815349357,-80.70891987223368,Goddess
-178.43726939421538,102.2738308277633,90.67261618833983,1.5627306057846209,87.1508840497086,87.31735363695671,-99.8342502554332,-154.12188706824944,-89.4114319016272,-78.15989049860259,-20.274685171714204,-81.84466092654417,Goddess
175.54524048247404,-97.11369048805071,-167.2864339506925,-4.454759517525954,-73.61772524704,-7.300297870058936,-104.1687426387859,-161.49797391002173,-95.22137790365808,-79.52422842388718,-31.867220011910003,-65.43911687307114,Goddess
-178.72060594194645,-171.6755097966649,107.62641501129666,1.279394058053568,-10.378130941469893,83.94905583694732,-102.55597920429133,-146.97213481087144,-75.21889434596964,-74.7270068699785,-28.11534734784871,-103.42428600715269,Goddess
-178.33510913881494,176.47488846890306,88.82082915325049,1.664890861185055,1.2289530349034572,82.5619441852412,-103.08815261557314,-153.14880974822415,-92.60332451589468,-75.81933095311797,-30.224758814898337,-84.59633254271564,Goddess
-179.20683744881435,139.4606955414782,107.66389696667606,0.7931625511856338,32.784830135860574,89.99182029539801,-100.6416793607821,-162.81922536057175,-104.38424292458339,-74.40776404322126,-18.74122857724362,-73.69198496909544,Goddess
179.02055104653158,-116.93306110961365,3.6316132345752736,-0.9794489534684359,-68.18564410281611,171.90266188051672,-104.06746939751234,-167.43764096335295,-85.89788027377564,-79.25661344123014,-16.119753634079075,-100.29599639317863,Goddess
179.7065333370389,-101.5273745261463,-119.5116950353843,-0.29346666296111285,-79.14232467236086,-53.29038641000348,-105.32794689446948,-150.67689046032254,-96.68297066447131,-76.46572866914492,-22.578128525751595,-97.24401935321997,Goddess
-173.6161160974424,-123.0113827085239,23.341958474332863,6.383883902557612,-99.31673501462815,164.56421107858912,-102.13822048346564,-169.6442377317654,-91.61591279314527,-79.89151184759272,-63.273186812467515,-96.1663893023328,Goddess
176.12873634674355,-158.88901933329495,168.22270292849353,-3.8712636532564635,-18.667205296553966,5.66129960153697,-103.70023550031473,-161.3342057151265,-94.08343299285863,-77.56517966374336,-30.4546129848205,-65.8220895311838,Goddess
-173.58019344057473,-110.50912746572382,11.681835101449273,6.419806559425275,-63.98362507842407,-177.9467467740113,-99.9506838359747,-172.68098151891988,-73.59991244250767,-70.58818945768502,-12.551069548660886,-96.02957305118419,Goddess
178.25513764686377,-179.48001145728188,99.75307368720071,-1.7448623531362248,-5.626522894406178,71.36494930106154,-104.34546513979478,-121.4551816647482,-101.46373716236008,-79.71948524322846,-55.325265306632836,-73.13220209244153,Goddess
177.9902710080608,-164.79470059576587,96.51676856368921,-2.009728991939213,-18.684738139519737,71.23780432643893,-101.6460398192247,-149.50268043180228,-92.18436754576328,-76.68555095188101,-32.012531978613,-77.53155700085888,Goddess
172.90430931527396,-171.06448451238853,95.41388363834136,-7.09569068472606,-31.484622524648998,73.84478392073663,-107.82624479578374,-151.07944743933237,-113.21769495066856,-81.43118265821016,-24.356931866532623,-83.98004553584424,Goddess
-177.77557552682788,-112.44064826750957,28.206808963737632,2.2244244731721117,-59.130297176051286,163.1955408213979,-104.11210678467046,-165.26476168238008,-92.25186486135709,-79.53852801354523,-18.0633149437538,-88.68796063282072,Goddess
-178.92967091074075,-116.47511182459286,21.613527803222087,1.0703290892592612,-62.19508572356471,160.19413639547295,-101.7351595237108,-163.299265550817,-86.70200828986484,-76.56610358761252,-16.996868471039008,-86.8745181599573,Goddess
-179.02853355621275,170.04008889071065,87.45791087415263,0.9714664437872643,7.193776134131353,93.45604575060659,-103.19282234753138,-156.37545897823566,-82.22524144098811,-79.97052209627543,-41.140657755318315,-80.00841233398423,Goddess
-179.45034627696208,-170.5081481634527,137.79292167121872,0.5496537230379274,-6.391993838541104,40.98989941162416,-102.66540938957874,179.6578682198891,-114.71417035430876,-76.31112806282479,0.1992669261057741,-57.75416808642226,Goddess
-178.72807099361916,-168.11634554196976,99.50202046620946,1.2719290063808417,-13.942688371203305,80.23243809765249,-101.90000691237891,-164.08920891259362,-85.74015785579384,-75.45642901948837,-16.370663124862485,-86.69711168627062,Goddess
-178.46326812881847,116.30426631432827,104.15927421762477,1.5367318711815523,69.56654084116494,71.5948081407723,-102.66422343200385,-169.01995869841107,-85.47262822189253,-76.57881672981236,-9.059817349493006,-95.63334751348582,Goddess
-177.36505519774025,-165.01617397480965,120.55783039639707,2.634944802259756,-16.459648790328536,48.786090971735334,-105.39145220051749,-148.95704122135717,-92.33303157396494,-83.247488274208,-17.66140361010382,-98.16145982315233,Goddess
175.29627170522838,160.76456255388894,85.36179488944026,-4.703728294771619,2.3844550995790295,87.73470781231835,-106.85496635338168,-147.99703036357658,-103.0717169536408,-83.95040342881013,-18.597133650952134,-103.00623984375154,Goddess
-176.64828267792663,111.02610557212795,60.36926692023349,3.3517173220733825,72.3613399620326,119.92352069196134,-100.70698159618512,-145.5716408635739,-96.72453244535598,-76.8551958534216,-32.967131532633616,-85.69138480546466,Goddess
-178.01541885481134,-177.40829478504693,91.80743156769027,1.9845811451886672,-4.7138624670835325,80.19947546544729,-101.59498645576436,-162.4364781217065,-98.35521732127398,-76.29262720073808,-17.495881754506566,-75.26870199840653,Goddess
-177.77557552682788,-112.44064826750957,28.206808963737632,2.2244244731721117,-59.130297176051286,163.1955408213979,-104.11210678467046,-165.26476168238008,-92.25186486135709,-79.53852801354523,-18.0633149437538,-88.68796063282072,Goddess
-177.83355691852626,-179.1708361670417,92.41087715684381,2.1664430814737443,-2.7984780345842784,86.46793379794708,-101.18524237782482,-164.2538393100334,-87.78907087793947,-74.97915523869342,-17.399011896237614,-89.36527248680797,Goddess
172.90430931527396,-171.06448451238853,95.41388363834136,-7.09569068472606,-31.484622524648998,73.84478392073663,-107.82624479578374,-151.07944743933237,-113.21769495066856,-81.43118265821016,-24.356931866532623,-83.98004553584424,Goddess
-178.8318016467657,-172.00608316397233,111.19953451883389,1.1681983532343079,-12.574751981065363,77.90528117583375,-104.20067900726443,-162.10695605007342,-88.51517065924287,-77.96550048703486,-15.622765535481465,-92.19966256775754,Goddess
175.51916154394897,-105.3068988168026,19.49879523103396,-4.480838456051051,-44.32921060384004,157.77570960363366,-102.96372525535399,-160.77695591973108,-87.79867871413646,-81.43070624414322,-15.144588401495795,-97.8061325558861,Goddess
178.95166505309987,-178.8151980821364,89.98219933428811,-1.0483349469001406,2.1673139740522256,75.4075442538136,-102.84021291023215,-129.14126659130713,-92.46974361179593,-79.71904790156968,-44.0578091405863,-100.8458976079876,Goddess
177.14624244292122,157.26526433549057,82.69254418349706,-2.853757557078791,11.303188296619899,91.27171220233409,-102.16057424147169,-153.95432392969545,-95.48101062861784,-78.21086088441344,-17.161681327920466,-90.44204730829175,Goddess
-179.02853355621275,170.04008889071065,87.45791087415263,0.9714664437872643,7.193776134131353,93.45604575060659,-103.19282234753138,-156.37545897823566,-82.22524144098811,-79.97052209627543,-41.140657755318315,-80.00841233398423,Goddess
0.32602136301643453,112.51016064299431,98.91344953968928,-179.67397863698358,79.61873404104854,67.75515389217082,-78.86916313323911,-29.22789415913707,-87.33225577391775,-98.0559172932043,-152.4031115585106,-88.4691143422161,Goddess
-178.28638717679078,-122.50817165273456,8.01777552597382,1.7136128232092191,-59.2129883707401,171.03999391757407,-103.35929283242211,-152.26651781272543,-84.7471665422052,-75.51147479391692,-23.816355390426345,-96.1787482744919,Goddess
-175.3503320651441,-126.76101911667385,50.33590173809675,4.64966793485591,-98.83799565412701,145.39266902118788,-93.69882549002931,-174.31756224373174,-77.98577806312514,-70.06531411261886,-17.170849226837497,-84.30790820217206,Goddess
-178.7665895152206,-136.5740112519045,93.30702237917781,1.2334104847794023,-50.45449636438111,89.34974674277676,-102.42067510157389,-173.70057423572663,-64.66992981183657,-75.5801318937389,-9.988895911575625,-104.45612115036324,Goddess
-177.67458661174084,-175.24053145187867,105.73986928821432,2.3254133882591725,-3.417215561949883,72.89359712031644,-105.7441069775137,-167.48151307224796,-103.12387410532496,-77.09404345929333,-7.090707020232182,-88.98711154326027,Goddess
-174.52526345645643,-123.5553014540561,20.84354723198289,5.474736543543595,-96.58119694151443,163.37958213885253,-102.37268844537995,-169.28382594901208,-91.35921853998897,-80.03256995467187,-56.884639387319915,-97.2088849186728,Goddess
-178.74424360292736,-175.66427337213767,96.93186443601108,1.2557563970726524,-7.079795502282616,77.01542742473788,-101.96734670761333,-168.05878982962716,-91.44321202748567,-76.18338702019084,-14.667740699185577,-87.36304484480333,Goddess
179.88992307497898,-120.01568304719773,7.4446271446241,-0.11007692502101765,-65.66831588314946,167.60881576879262,-103.02094814378468,-154.71016859420627,-100.80374682972655,-76.73202310345506,-24.526138881878502,-82.20699870668595,Goddess
-178.81721967615152,175.0126478563921,106.69408716227079,1.1827803238484809,6.4777027869919825,84.1283359496529,-104.10530396195183,-161.3585309371813,-96.25262632255989,-78.72616290518194,-18.942832892622345,-84.34373627246991,Goddess
-177.2279923078384,-166.85404117932026,122.29983710422879,2.7720076921616044,-17.62804197215407,48.46896225287932,-105.4757850596018,-149.15645871920628,-91.89337493927621,-83.90377629017851,-16.868700357544633,-97.48585935154048,Goddess
177.7419735069283,-108.43210431755551,-139.413122973164,-2.2580264930716902,-73.98226288422633,-34.039779444426635,-106.41744529433548,-168.00366436328383,-92.55845184544144,-80.48996834871804,-7.988051931211715,-96.01028003971591,Goddess
-179.4815637325778,-172.98878891225706,125.07941659063691,0.5184362674222189,-3.8572896839205737,76.48585925899805,-86.56557715526647,-12.808140276238651,-71.32710324196466,-89.50073480890445,-150.43007281785543,-115.3481831065445,Goddess
-178.16185327961148,-175.45391029159336,173.3691301193437,1.8381467203885233,-11.187035631211439,11.375586514121908,-107.66897818652293,-152.20154866984635,-89.55388888420906,-79.77118203430064,-24.771732382586755,-96.34672899234835,Goddess
-175.86303214694271,177.54817357200417,175.34692006030895,4.1369678530573095,-4.3744831147775685,5.375326944118726,-103.84017095780187,-169.8072720637835,-91.00983394990041,-76.65764956326689,-8.47380703410997,-98.47417246916412,Goddess
178.95166505309987,-178.8151980821364,89.98219933428811,-1.0483349469001406,2.1673139740522256,75.4075442538136,-102.84021291023215,-129.14126659130713,-92.46974361179593,-79.71904790156968,-44.0578091405863,-100.8458976079876,Goddess
-143.14384686073166,-91.22640335647331,-101.3899559949482,36.85615313926836,-72.63473537508459,-65.08014914068416,-74.2373728629632,-176.25445383626587,-86.62272355903055,-49.97274762039239,-8.846440370830392,-81.85283380657492,Goddess
-0.024010256396993106,8.563050970932016,90.78573337454957,179.975989743603,173.07431240104316,86.99385472311673,-77.92040506666267,-4.237116964476194,-84.04219889502404,-103.73245577957647,-173.1932073683636,-97.17506672608224,Goddess
-173.4805134085166,87.02825835015615,90.08336416934982,6.519486591483423,74.55120859141256,87.12556951425198,-95.06900160425154,-131.04632803620387,-100.76482996510728,-77.18908982189585,-19.930103878266,-105.33205833938706,Goddess
-178.74827101621975,-120.40008379259406,7.587146214557641,1.2517289837802599,-67.23704424914257,165.5593753585301,-102.47650071887035,-155.73611715410686,-100.54798141941323,-75.47139854750189,-21.49847739255244,-84.75322085276267,Goddess
-177.2279923078384,-166.85404117932026,122.29983710422879,2.7720076921616044,-17.62804197215407,48.46896225287932,-105.4757850596018,-149.15645871920628,-91.89337493927621,-83.90377629017851,-16.868700357544633,-97.48585935154048,Goddess
179.07622290760185,175.40195522967178,92.27957812170101,-0.9237770923981545,4.5614613790373095,78.12641668632806,-104.49248944363671,-158.7807689759781,-93.36694097898207,-76.9190474302049,-26.251804533600406,-81.12678725662813,Goddess
-175.74600176120578,-179.97044655495176,99.17220000178462,4.253998238794242,11.748125912597475,70.20732121049889,-102.51062511174128,-165.03504822621227,-94.34451126194634,-76.17183260342051,-16.257667693532635,-88.86643390138298,Goddess
179.86697654261746,-163.46654452872164,92.0788285051814,-0.13302345738253935,-20.476067580196613,86.63690804230741,-105.07826679612502,-144.15829180175064,-86.78253790918924,-79.78978700808722,-39.64042162775788,-103.58411125519501,Goddess
-177.3531783084992,-91.6120646033461,53.867484624980584,2.6468216915007985,-88.03265015210265,128.31830627093407,-102.41121979472426,-159.60959684942156,-101.76746981268677,-77.13410171304565,-21.556446423681216,-81.16298525956114,Goddess
-178.57057635153774,-178.72607905901398,96.22060353924496,1.4294236484622742,0.3241959632326545,87.29950241068674,-104.80759794573251,-163.52620560190013,-95.13735723326572,-78.53338060277763,-18.49169494025812,-82.1184147603908,Goddess
-179.66068291731963,178.18121552639667,96.96884834561754,0.33931708268038163,3.174120149496241,80.74802515693717,-101.42935851706528,-139.30040345210324,-86.03903764093482,-77.59256530077533,-39.71608871969366,-97.10543702859357,Goddess
-177.58619465090368,-172.82076891554996,89.3015278587201,2.413805349096335,-7.487258316676828,91.5873084869207,-102.93329831836822,-151.33180153908776,-83.40838425902263,-76.64704717208117,-29.799054386545485,-92.38918594562351,Goddess
179.09300534470637,159.28914717044475,98.90349620848774,-0.906994655293626,26.7162629560846,86.37056821449744,-103.37733535892623,-166.10545865998262,-83.5978707395317,-79.11502526035456,-16.90180309371711,-111.44665712293802,Goddess
-179.93266315708013,177.51438654607674,112.33989079753952,0.06733684291990244,-1.6443520727629082,68.85215741803903,-102.57018308476752,167.2316895448682,-87.2072558793336,-74.59385602401431,12.15379749291805,-96.62772875227553,Goddess
179.7065333370389,-101.5273745261463,-119.5116950353843,-0.29346666296111285,-79.14232467236086,-53.29038641000348,-105.32794689446948,-150.67689046032254,-96.68297066447131,-76.46572866914492,-22.578128525751595,-97.24401935321997,Goddess
179.65630549360392,169.86772226459675,80.82325842677503,-0.34369450639606003,10.554389809824718,93.96605607178935,-103.36464504316548,-160.05008482950964,-82.77349792873504,-79.67639071821162,-36.878231265017604,-85.35262431735391,Goddess
178.30856430597964,-178.3936604730292,100.42826001624569,-1.6914356940203623,-5.241992981693866,73.51587716990684,-104.05358052781385,-121.6713824275706,-102.15686926233454,-79.82977449229128,-55.03503475877086,-72.2963776221465,Goddess
-179.89845081645356,-160.66527915466344,102.46293052460219,0.1015491835464478,-19.839317944829013,73.6079336317369,-103.84566989761292,-174.72511383686722,-95.02001387242184,-77.57760025379561,-7.321460723581401,-89.88680364592902,Goddess
178.12566486289927,-177.0468397295928,106.50899898788794,-1.874335137100746,-4.827081305235776,66.54900122939328,-104.77690819913045,-160.3294882456369,-92.66154913691274,-79.94297892232572,-25.68589324509506,-96.15863166917892,Goddess
0.1957130268569825,72.07758649243662,74.5968895047917,-179.80428697314304,117.66250152437266,107.30891657761669,-78.46856873350966,-3.191574875430355,-85.69126627954772,-101.29263131060293,-176.7661786246798,-89.3952103588409,Goddess
-175.8966094635272,-137.54128779663571,128.2278936349921,4.10339053647281,-34.841770580457414,53.23968731166353,-97.81953158956868,-162.7472024980225,-74.88221867115864,-72.70698835913376,-5.280430121464554,-98.2020182974193,Goddess
178.30856430597964,-178.3936604730292,100.42826001624569,-1.6914356940203623,-5.241992981693866,73.51587716990684,-104.05358052781385,-121.6713824275706,-102.15686926233454,-79.82977449229128,-55.03503475877086,-72.2963776221465,Goddess
-177.39622601718446,173.19025019478005,91.71492215787053,2.603773982815545,10.87337041252582,83.95025327448913,-100.09461873479258,-141.12491580703568,-81.75760154041316,-76.97004835712484,-39.66971848863483,-96.50531559443017,Goddess
179.65630549360392,169.86772226459675,80.82325842677503,-0.34369450639606003,10.554389809824718,93.96605607178935,-103.36464504316548,-160.05008482950964,-82.77349792873504,-79.67639071821162,-36.878231265017604,-85.35262431735391,Goddess
-11.435702259533413,19.227521528033837,20.68050801673597,168.56429774046657,162.66461983936395,134.02364209831217,-88.19984409882062,-175.33351754945494,-112.17180217667497,-91.58702340883245,-0.768472784132685,-59.27523135229556,Goddess
-176.29665660513845,175.45767513882777,101.59554826021595,3.7033433948615637,7.692701183700187,88.68271740921504,-100.22205965888318,-153.70342034633833,-98.49827375824846,-75.71399717448318,-25.76744421631542,-83.75572321026951,Goddess
-178.77750441868216,-99.78449910943176,42.54220839867107,1.2224955813178353,-78.57470185488783,135.38959973441916,-104.85371587660917,-163.7555596410948,-87.31958454516759,-79.28845693164645,-15.00263136729447,-93.21373416884002,Goddess
179.69746928021743,-173.86164003829333,83.05259455757415,-0.30253071978256807,-4.649816765311392,90.99320330757186,-104.42439426912844,-144.14252591732708,-88.27967868052252,-79.23394465436111,-38.505297164256156,-98.30660208732947,Goddess
-179.6970180935393,-114.55380137819286,-111.52722959445957,0.302981906460697,-69.31100693231052,-66.00069720434217,-103.78954004951242,-161.67592203016784,-91.99941837315566,-75.26521043199263,-14.637767778752258,-98.67775705499473,Goddess
1.0310396836472395,-4.943798849252543,81.48303377025671,-178.96896031635276,-164.21858985837537,118.11623052525643,-78.06439971520331,-1.3017929296837956,-81.35053788247444,-103.5314956964417,-168.64237856042794,-94.05206470616328,Goddess
-1.6389991224871459,9.83099893162741,1.8183539146739225,178.36100087751285,174.8927522137682,174.08373402813058,-79.66246819728975,-30.16478246612307,-84.82619560869568,-101.41620195166014,-152.5752889528875,-93.12148190694238,Goddess
-178.75747245882067,-139.7328585013866,150.00389470602266,1.242527541179348,-25.531083234856247,50.45469943555971,-104.55473892055923,-147.16058398253435,-88.32989409292433,-77.80550793934901,-32.531103523452586,-96.56268393419862,Goddess
4.664449456765987,6.321939467797216,64.25786778448925,-175.33555054323404,179.01391659488425,118.83835253202722,-79.00923584119377,-42.03508957779767,-87.5784744362258,-99.2950086847045,-117.1132521839054,-115.65182741612671,Goddess
-177.15346259769066,177.75588408969654,101.43100081859149,2.846537402309325,12.115863831292797,78.37840338359442,-99.41541385183194,-145.03110169233275,-91.66382398055548,-75.084721791795,-33.843767882729836,-88.77797902624506,Goddess
179.541856510964,-77.05832235080489,-67.49709154186404,-0.4581434890359921,-111.78460621870848,-100.70301066990967,110.54508401721236,-126.97302255093429,-114.0153126107942,64.8514380793473,-40.89602307976703,-61.900365608604695,Goddess
-177.7697242739817,-176.06759330505557,92.83777830445534,2.2302757260183057,-5.864346146534004,74.48536921814659,-100.81166807357711,-168.9897356510814,-90.683524302465,-76.04297935928746,-13.54902576267292,-85.54438084748271,Goddess
174.9798777887541,176.30425749859538,109.3073050343182,-5.020122211245891,2.75535804820947,61.09821978160518,-103.91245080048347,-165.59957543103224,-98.07888255988897,-78.1584876970501,-19.194146720063358,-86.4824768496441,Goddess
179.7374027358576,-107.13143702800403,23.845631452252405,-0.2625972641424303,-70.4474687684455,157.5291413078144,-104.8070009352652,-163.4696147909632,-94.73310359921875,-78.59738350945825,-13.29807251463321,-85.58301071795417,Goddess
-177.86080077922065,-109.15990760537483,14.122662574244028,2.1391992207793535,-66.4834855714635,169.41665745908475,-104.22517743340329,-158.95150654922224,-77.99782044273735,-76.04576365999885,-20.740160897257763,-102.49888439476638,Goddess
-177.35078724394296,-132.906010672792,144.89163701223836,2.6492127560570458,-43.06282371597449,38.47668132308164,-103.04834223007758,-163.41459916293275,-91.34247168384081,-75.75817308559337,-19.14234011762352,-84.9530507145289,Goddess
175.0617467969807,-88.6614702198191,30.353948081459663,-4.938253203019291,-67.86309239502619,127.69445227074834,-101.93087444250219,-120.07632012447084,-111.83570332426396,-79.97990546280685,-27.25493730404592,-100.19589852464507,Goddess
177.95422214764088,-136.2776571515953,-60.722887148615875,-2.0457778523591426,-49.006554353905244,-113.02573149115338,-105.72254245569128,-149.30909370528028,-95.891465366063,-78.53919127877772,-27.27158295346198,-83.18514499209165,Goddess
-178.45302803502503,-167.41372898437893,127.23976370916304,1.5469719649749725,-7.369624060293665,54.60813601405838,-101.2979587503896,-141.98335056275388,-94.33872237384558,-76.98222018525138,-37.99545275726921,-85.96751138260693,Goddess
175.209837192885,-102.49871722720823,22.161340979241132,-4.790162807115015,-68.65628464264027,-151.00112954314622,-102.74431736650395,-156.36711094430402,-64.97110456752428,-77.58213608678761,-20.217525959545114,-110.06075096507251,Goddess
-179.4780928592291,-171.71908279731124,86.10582738407469,0.5219071407709007,-15.668935799667786,91.16022716379841,-104.24189196744761,-161.59245426143903,-83.87329089405846,-76.40906805562098,-18.12703473597729,-95.74609194049052,Goddess
178.49501663500246,-117.72022309277453,7.42569183552018,-1.5049833649975546,-58.11125541216696,173.6367884116534,-107.21077134044262,-151.4321388552311,-84.12904136769124,-79.30261886181023,-25.496251104361527,-99.73520917270383,Goddess
179.1071032215104,169.23931833181717,98.75964762225931,-0.8928967784895836,8.348322665377527,78.11732094267757,-104.67713950312135,-148.534365328783,-90.33165882738675,-78.9354347759893,-24.24699094468559,-86.06325445705757,Goddess
179.9088187202338,-131.1292102831579,63.5433880981366,-0.09118127976619948,-130.4458565914226,136.15737499643217,-98.20897583006834,-150.5185877196376,-67.69637169090184,-85.87167320950209,-110.92609416790818,-74.51805927207802,Goddess
-178.69071215664445,-167.30934700078407,98.12970491932757,1.3092878433555648,-14.670230387768573,80.75099167111271,-101.69190554312507,-165.20462671826047,-85.33379532478193,-75.15701128798162,-16.643470098119952,-85.47612434698273,Goddess
179.8929781701583,-114.25674388877297,-148.2932697732906,-0.10702182984170788,-69.73495353026539,-30.61991027956968,-103.68560622708826,-177.95746158631127,-77.85300311265627,-78.39963039371804,-4.848452156293058,-96.12846378530175,Goddess
-178.50451490446713,-174.95779281981402,88.32956800417989,1.4954850955328711,-2.893699589551921,80.34456359820487,-103.20609466869989,-140.55191694742217,-73.38725563022537,-77.90107868713149,-35.41883397696173,-106.72857241417964,Goddess
178.353485208133,-178.57560157465304,102.18234078754921,-1.6465147918669774,-2.609064857514453,77.1566915592098,-99.90698085747582,-144.36831037737403,-91.89530163422866,-75.18394576201871,-32.17469718770917,-86.02944495730448,Goddess
-173.4340929178179,52.48544875475679,80.61497686571057,6.5659070821820915,126.55618338797994,102.69681186380373,-100.85538857033512,-166.22986239050925,-91.6708876970294,-77.15058558585493,-10.13965011164102,-86.88960016286903,Goddess
-178.69071215664445,-167.30934700078407,98.12970491932757,1.3092878433555648,-14.670230387768573,80.75099167111271,-101.69190554312507,-165.20462671826047,-85.33379532478193,-75.15701128798162,-16.643470098119952,-85.47612434698273,Goddess
179.8929781701583,-114.25674388877297,-148.2932697732906,-0.10702182984170788,-69.73495353026539,-30.61991027956968,-103.68560622708826,-177.95746158631127,-77.85300311265627,-78.39963039371804,-4.848452156293058,-96.12846378530175,Goddess
-178.50451490446713,-174.95779281981402,88.32956800417989,1.4954850955328711,-2.893699589551921,80.34456359820487,-103.20609466869989,-140.55191694742217,-73.38725563022537,-77.90107868713149,-35.41883397696173,-106.72857241417964,Goddess
-173.4340929178179,52.48544875475679,80.61497686571057,6.5659070821820915,126.55618338797994,102.69681186380373,-100.85538857033512,-166.22986239050925,-91.6708876970294,-77.15058558585493,-10.13965011164102,-86.88960016286903,Goddess
-179.44592005914393,-118.55115553643168,9.970334087608789,0.5540799408560788,-63.35182205787272,173.1047306325361,-104.19597375709127,-162.24198774822165,-84.41486729104207,-78.23333272420172,-15.053862040300153,-98.67402393119971,Goddess
176.21404870128347,113.11895105396155,103.0012440593132,-3.785951298716543,66.52569840799723,71.33979994955169,-105.07874114207101,-163.09846263536372,-99.25027692612568,-80.44875600440052,-23.14415748181286,-88.30021181668515,Goddess
-177.17608416536962,179.06920184088975,57.55242456493899,2.8239158346304025,2.7461751887645534,122.91386155862229,-101.31403624000598,-155.42912238517712,-85.67681772086557,-77.1991657323101,-29.549020623925575,-95.95110653558385,Goddess
-172.1713642587612,-89.66143222105416,-131.51892842408515,7.828635741238812,-63.57427469771621,-108.42573132688183,-103.910204142715,175.6415583312779,-102.90572649938555,-78.89271490444798,-9.374641508469647,-85.79502661556737,Goddess
179.4598598223084,-100.3977627388505,27.639252200041774,-0.5401401776916089,-75.58515024995249,145.91009542027595,-106.97053973260675,-171.26123880811187,-94.36375328259501,-79.97926393264883,-5.569108525599717,-98.19620707043117,Goddess
-177.73206010316827,-109.47722848688544,23.099756038144083,2.2679398968317273,-69.5101778649978,158.5465064041464,-105.4767427011581,-160.11928232632184,-94.82775247661664,-75.74508300767496,-17.60588535226272,-85.48606278633869,Goddess
-177.18780611042916,-119.58188776439339,-52.38012269121046,2.812193889570852,-55.63884552315329,-110.12563964728467,-105.03808844939454,-126.99853366379757,-31.72981410195581,-68.4352875530981,-33.24296858834754,-123.82714616317378,Goddess
3.5547460782453464,30.52010605858512,87.85032707842498,-176.44525392175467,162.2045454694438,96.85176203418742,-74.77691142543266,-21.73892858511363,-81.17240035802473,-99.44851065599673,-149.6103331126712,-83.0626967636509,Goddess
-177.8103254157105,-97.78294758656283,67.95845862028366,2.189674584289513,-135.96431143609001,111.99323877199163,-105.17982425979027,-164.64993364803195,-93.48482184665244,-78.59483534614672,-19.444431456742986,-87.22234915327147,Goddess
179.40177351850093,100.09460064229393,52.31852602718133,-0.5982264814990612,87.87890887434308,127.4980572400752,-103.60951515799096,-171.4961263862625,-88.4591055675445,-80.5322134004372,-3.7417816474828838,-85.89651186381411,Goddess
176.25948121464515,80.61104634428008,69.66632929731735,-3.7405187853548623,86.35164103236302,108.19999099270824,-100.45349522092816,-119.20937733707432,-110.486150842403,-80.36153323712712,-63.70971810793152,-75.1119077554602,Goddess
179.40177351850093,100.09460064229393,52.31852602718133,-0.5982264814990612,87.87890887434308,127.4980572400752,-103.60951515799096,-171.4961263862625,-88.4591055675445,-80.5322134004372,-3.7417816474828838,-85.89651186381411,Goddess
3.5547460782453464,30.52010605858512,87.85032707842498,-176.44525392175467,162.2045454694438,96.85176203418742,-74.77691142543266,-21.73892858511363,-81.17240035802473,-99.44851065599673,-149.6103331126712,-83.0626967636509,Goddess
-177.18780611042916,-119.58188776439339,-52.38012269121046,2.812193889570852,-55.63884552315329,-110.12563964728467,-105.03808844939454,-126.99853366379757,-31.72981410195581,-68.4352875530981,-33.24296858834754,-123.82714616317378,Goddess
-179.16816007940184,-121.21111460773794,11.444075483380509,0.831839920598166,-67.17774166077032,167.24812390689053,-103.6505848837758,-157.56352164144465,-99.5710362445252,-76.88667060465461,-21.937100935527518,-84.19262601816655,Goddess
-178.9369894601973,-175.22356682662078,100.33808893118346,1.0630105398027032,-4.6394967564733465,67.37588876901502,-100.55147877340633,-135.25068147735618,-79.92706378423132,-77.20593925993121,-43.06428349543954,-98.25023910020039,Goddess
174.77199752183753,110.98446054291848,104.13337220406466,-5.228002478162486,54.02495068410992,68.45370508602481,-109.44421695290495,-161.67536777526104,-95.25770893787013,-86.74284231333193,-12.85166015156534,-81.29573436874368,Goddess
-175.78915511955412,-97.60558233475645,14.436573980206516,4.2108448804458884,-74.52902731044206,-176.37471313979407,-102.551822692779,-154.03664416452443,-97.08480717948588,-75.91281995658828,-24.545569157452594,-87.21820449966536,Goddess
-178.9213993134432,-172.20791794911415,92.41752490403255,1.0786006865568079,-17.111911086631004,72.8646551621044,-103.29599597014098,-154.70793620931067,-101.91018482601237,-75.40965606204212,-26.645809596475594,-79.9480398539458,Goddess
-177.43023748149338,-179.15678647784333,112.75565733228238,2.569762518506631,3.1770471911120124,75.65162994565688,-102.08718257706543,-153.21650525735663,-109.43567313844538,-75.6829251917308,-27.4240127286113,-66.8109895035057,Goddess
-1.660540407857424,-5.954746463745816,86.52213646514231,178.3394595921426,-175.50068192348957,94.3597652009024,-77.42414047054007,-22.82264921148658,-74.2563795446613,-102.96168647297918,-155.11672227230173,-105.7848951131521,Goddess
-178.78199556234185,-117.04801107409006,22.138018081993085,1.2180044376581716,-62.609115638301894,160.72433017139954,-101.82508592564074,-163.51551618448397,-88.64761733954393,-76.10172115339506,-17.144155785872965,-86.9754223187336,Goddess
-179.1930810642955,-166.67529592958795,97.68525504056146,0.8069189357044807,-14.132715526765965,82.50483784901962,-101.71636628201732,-162.67850084963308,-85.53510490040023,-75.83476498642253,-17.98084853866853,-84.03855563870974,Goddess
178.21043531600432,-147.30318469612354,15.317274461037213,-1.7895646839957033,-35.740040599677535,159.4279976428825,-105.10872871733102,-167.76777647361072,-89.97758528294405,-79.82022086004194,-16.498510958184387,-100.8260401072362,Goddess
178.1048081649016,-76.32438401777988,59.02023927119326,-1.8951918350984012,-77.46681451748482,112.30060032031776,-104.31741614314136,-158.02162536486526,-97.79193958010076,-81.41092368561905,-15.490428211869467,-96.63145157165714,Goddess
179.58960055305417,170.8840424801935,105.81613352455668,-0.4103994469458413,11.261589580425788,78.87418630389504,-102.91151242003461,-164.14816767273118,-82.61332473847311,-79.01278779219159,-11.234387805530224,-95.67819209013376,Goddess
-175.7204774673544,-105.10116955441816,-0.40710333169125257,4.279522532645596,-80.94466908523285,-94.3501390567621,-98.55343333479581,-130.67049681694863,-84.3849411477427,-76.38387962203194,-30.35337589975578,-99.3570724092102,Goddess
-179.11482035734227,-170.97697700200385,84.92870592037359,0.8851796426577259,-16.12656791004953,87.29643686064098,-103.96018865633602,-161.9315867365419,-84.11555113224324,-76.75475339566451,-17.59039114027256,-95.02505416933495,Goddess
-179.1930810642955,-166.67529592958795,97.68525504056146,0.8069189357044807,-14.132715526765965,82.50483784901962,-101.71636628201732,-162.67850084963308,-85.53510490040023,-75.83476498642253,-17.98084853866853,-84.03855563870974,Goddess
178.21043531600432,-147.30318469612354,15.317274461037213,-1.7895646839957033,-35.740040599677535,159.4279976428825,-105.10872871733102,-167.76777647361072,-89.97758528294405,-79.82022086004194,-16.498510958184387,-100.8260401072362,Goddess
179.58960055305417,170.8840424801935,105.81613352455668,-0.4103994469458413,11.261589580425788,78.87418630389504,-102.91151242003461,-164.14816767273118,-82.61332473847311,-79.01278779219159,-11.234387805530224,-95.67819209013376,Goddess
-175.7204774673544,-105.10116955441816,-0.40710333169125257,4.279522532645596,-80.94466908523285,-94.3501390567621,-98.55343333479581,-130.67049681694863,-84.3849411477427,-76.38387962203194,-30.35337589975578,-99.3570724092102,Goddess
178.1048081649016,-76.32438401777988,59.02023927119326,-1.8951918350984012,-77.46681451748482,112.30060032031776,-104.31741614314136,-158.02162536486526,-97.79193958010076,-81.41092368561905,-15.490428211869467,-96.63145157165714,Goddess
-178.1002469149016,160.22765468177656,118.88409252720939,1.8997530850984214,22.035666298773457,64.19546728631899,-99.50582916933372,-138.81013129301354,-97.89634082194831,-75.65109045069279,-40.58148785746735,-84.64158270886169,Goddess
-179.90704611805796,-179.63035276610051,98.71020625183024,0.09295388194203368,-1.5718356629229324,75.74931588503293,-104.77610534775181,-155.30062999591652,-83.96092409715754,-80.22956973526004,-29.224667639170796,-84.38006693165397,Goddess
-179.11482035734227,-170.97697700200385,84.92870592037359,0.8851796426577259,-16.12656791004953,87.29643686064098,-103.96018865633602,-161.9315867365419,-84.11555113224324,-76.75475339566451,-17.59039114027256,-95.02505416933495,Goddess
-177.12123498547973,-93.30604601966655,46.72418817735398,2.8787650145202894,-69.13153625459712,172.5840480626556,-103.70329722971668,-149.57545440467715,-88.06427440226462,-75.50905514709596,-29.654353242627664,-81.28588034518224,Goddess
177.21032772246733,-112.44924198437687,27.73317520816105,-2.7896722775326803,-65.32208284404547,151.96870901606897,-104.65245263342585,-178.3669673731966,-78.98092924651351,-78.11956282319,-4.175431106530513,-94.79853115272397,Goddess
175.54621283956487,156.80342588596153,104.97099319417286,-4.453787160435136,10.819720377613363,79.39856583099645,-105.18549650364652,-151.38401627335676,-89.23997407563215,-77.2672053926859,-41.58790806020598,-90.37103355266724,Goddess
178.2099853955191,177.31655506552642,94.03603961338406,-1.7900146044808836,5.608093549012984,82.13424990531271,-105.52502521298399,-154.69148245807827,-88.47039414581239,-78.77054734419346,-20.58386004643414,-92.29636589837857,Goddess
179.83313725279137,178.50092673609888,99.12070979386424,-0.1668627472086306,-3.61922168817602,82.51048947672562,-104.91619227169015,-150.459184382029,-72.07263359333372,-77.75459596096636,-26.704354591138575,-103.45505022893107,Goddess
-178.1932175063621,-159.9362286976996,131.2350637994127,1.8067824936379049,-21.66889756163364,55.99555762350708,-101.35724953745303,-145.99340883153286,-93.54833364585525,-75.39788534761708,-35.81092995428783,-85.2467208071363,Goddess
-177.84497772468674,116.55689119550567,105.38084554192687,2.1550222753132706,67.96082853426584,74.48535060749818,-101.82940090174765,-165.50352031492267,-87.57393949982166,-75.54850442079322,-12.9953663142733,-96.6093166283834,Goddess
-148.36122224141775,-111.40715247845725,-141.22182479909375,31.638777758582254,-54.66048680098935,-63.39955278875193,-92.15478646077713,-159.22410538144828,-85.62836240530295,-52.68388091876892,-35.59979763613442,-93.76450647240573,Goddess
179.83313725279137,178.50092673609888,99.12070979386424,-0.1668627472086306,-3.61922168817602,82.51048947672562,-104.91619227169015,-150.459184382029,-72.07263359333372,-77.75459596096636,-26.704354591138575,-103.45505022893107,Goddess
-178.1932175063621,-159.9362286976996,131.2350637994127,1.8067824936379049,-21.66889756163364,55.99555762350708,-101.35724953745303,-145.99340883153286,-93.54833364585525,-75.39788534761708,-35.81092995428783,-85.2467208071363,Goddess
-178.5303609204073,-171.72511766974128,87.30648869686355,1.469639079592703,-2.8943276325096012,84.63706587218394,-102.1139010568684,-151.69558987375308,-85.91268659404305,-75.31358460579851,-22.899076376109672,-94.22268156367942,Goddess
-179.579594495884,-170.56784060480246,85.24934303481628,0.42040550411600053,-15.205933579458248,88.80898987855512,-104.27065326745507,-162.08861774769687,-84.02036576318976,-76.75499675071843,-18.15557807424374,-93.8275714729423,Goddess
-176.7327257475989,-165.22872956718658,153.4372949944035,3.2672742524011196,-11.09338599189717,7.0329938347077094,-96.92861454846422,-159.49793872423317,-89.18346203143288,-74.84163928815292,-18.57523259341104,-87.11715119804462,Goddess
-179.10936072676003,-179.14512032967758,96.1317801076282,0.890639273239953,-4.5095068959701035,84.87709267159013,-102.38059991621424,-168.0641304136309,-88.59186876519645,-75.2166447023372,-14.006301306805698,-89.82019857031489,Goddess
-177.84497772468674,116.55689119550567,105.38084554192687,2.1550222753132706,67.96082853426584,74.48535060749818,-101.82940090174765,-165.50352031492267,-87.57393949982166,-75.54850442079322,-12.9953663142733,-96.6093166283834,Goddess
-178.04202591558416,-129.07823747862548,-120.98847012388337,1.957974084415832,-57.139881592651236,-58.914458561264524,-102.9453949689968,-176.46165036347836,-85.50511902425983,-80.84216390391457,-5.253243574706454,-94.10199037910448,Goddess
179.7885920103431,177.88777311674383,110.6819637468298,-0.21140798965688964,-5.260056749843071,68.84972772944232,-99.99892675007408,-150.06293958050412,-99.06354052571817,-77.18576447313477,-26.75560411240742,-84.98133046311827,Goddess
178.3513089849688,168.0703286222028,107.7502967891123,-1.6486910150312202,5.14975099673151,76.36781520804396,-104.52751147273163,-158.8796813373186,-97.30614935733543,-79.3264374875897,-19.382035117627684,-99.23501825303782,Goddess
-178.4533109583706,173.01965263666733,93.73104808091293,1.5466890416294221,11.591224688535178,83.53508480039075,-100.4341718107582,-140.99149118947616,-80.93526764854543,-77.32375421138504,-39.70658722740664,-96.11482809827909,Goddess
-176.4931467700421,-163.41059284153874,102.83253157043944,3.506853229957902,-14.694678976539075,82.07020391836627,-103.10427284092847,-175.7469840822849,-73.56446890882185,-74.86090090107164,-0.9909204224607626,-106.90366831394036,Goddess
46.712996935644476,-86.88279380694446,-92.82742609144302,-133.28700306435553,-85.92654102826201,-91.52638407202292,-7.428205890833756,-28.492797617279983,-22.641806422151273,-10.344015125996869,-26.860133405989174,-22.609760465598637,Plank
170.27261787324937,-93.76059163066991,-100.32075983897886,-9.727382126750642,-92.9378602462394,-98.44299207048738,-16.26754800413011,-21.15742277751677,-19.20870575837058,-16.006634304389543,-21.64692030963176,-19.293693777919934,Plank
-21.576599114680306,-109.24653167226401,1.5909613040473023,158.42340088531972,-110.15474649579555,-1.239436444451335,-174.4657288918298,-173.22676125729032,-176.61034793479465,-177.1854924442517,-172.62871371349962,-174.90593874574327,Plank
-29.802333892558785,-106.96980339407753,-93.2925045499649,150.19766610744122,-107.45549799599918,-94.49657885436842,-166.89891641550562,-157.98189408093742,-157.08439813996148,-169.050708348101,-157.85921333819562,-155.67375152301975,Plank
43.340962915640645,-86.54059078111342,-94.8406717678076,-136.65903708435937,-89.60222687234359,-95.5383997246573,3.923668366624787,-29.771383151653215,-29.837064188291237,1.0481357635665547,-27.368564740643265,-30.47092624075349,Plank
50.42074662985866,-86.4254715480987,-88.72974662655119,-129.57925337014134,-92.78991358379186,-94.22713434775295,-12.796992455596323,-22.61255422404274,-23.66694339696997,-16.022979893262782,-20.144013929056353,-24.345524216429602,Plank
132.79031715366102,-74.39322598045904,-85.87691485155094,-47.209682846338985,-76.36754178021224,-81.85859509375085,7.753828920605277,-24.702307811973075,-20.743773033867487,2.0896792111916387,-22.506768807188926,-23.175717905194016,Plank
-42.80005038828992,-97.53280643088885,-93.14059692145709,137.19994961171008,-97.08793609617393,-92.9244361178287,-165.24596822133586,-170.097459523227,-171.2227682776831,-169.3923178503742,-165.59499459422807,-170.87382528409807,Plank
-9.197478816470618,-90.81838250250613,-97.46769775469356,170.8025211835294,-91.6678427897418,-96.11657401881891,-7.305987171351193,-25.451815396765152,-22.28770764176341,-7.613053143076381,-26.194574042376196,-22.882597730516803,Plank
11.043424189407565,-85.70423600020473,-90.4670275678935,-168.95657581059245,-94.65464754572483,-85.73515242477445,-7.504847445126177,-24.902576602568345,-25.030169804994756,-10.183903618604818,-23.035966859566006,-24.24012866678233,Plank
22.252122401584316,-93.31400772582776,-85.04792927411502,-157.7478775984157,-91.39978433346856,-86.52692976827457,-14.49493286310289,-24.273515414070594,-21.671185561615246,-17.21868557172509,-22.082571353189866,-20.928800481069874,Plank
21.653937973391766,-83.06969473649376,-91.54681378735951,-158.34606202660825,-86.23449394648534,-94.28889424459278,-5.031062942588879,-31.399735536667364,-27.962222351629496,-6.8134288139786445,-31.206181412756457,-29.697311123647335,Plank
90.29206450525794,-91.40975620416346,-83.21781201704017,-89.70793549474207,-93.7426574637885,-85.06661288444924,-159.43706123714182,-161.51448550357435,-160.7707944940271,-159.7586980993358,-160.53274473325274,-161.40071050868625,Plank
-53.024109220180236,-98.88668742059261,-86.22975179250447,126.97589077981976,-97.04926519944281,-82.0569787537554,-153.23578080318634,-162.69421734751964,-169.6676290357537,-158.03799936433705,-158.8134869801679,-169.71207241266077,Plank
50.472874425330474,-78.8686909309251,-82.51526168146091,-129.52712557466953,-75.50329680322028,-83.8758532038096,-12.721424896864004,-19.18512587413044,-14.402387600231098,-14.82394044174212,-17.070813856899544,-17.553590365998257,Plank
148.72698931760266,-90.229906159406,-101.83118312476236,-31.273010682397334,-89.84968542476213,-91.80366076894029,-169.29089439765397,-148.59266188037594,-148.7466399820188,-163.72155560374196,-151.4012808457647,-151.16235998974742,Plank
-9.73281257436964,-92.90350796453447,178.61668233065967,170.26718742563037,-88.9104853700297,177.08679744327765,-0.3454897643282816,-12.9837801987223,-17.008273120865063,-0.1408907179980817,-13.067369911300872,-16.73828892244404,Plank
-44.24665122157825,-93.81520840095735,-88.24047637840428,135.75334877842175,-92.7846783969581,-89.41127907332005,-171.6778268860741,-157.23315069600972,-156.89611559515714,-173.4816079277011,-156.26738886157136,-156.7018275763912,Plank
-51.49926388685862,-103.27081907671189,-94.17573486524465,128.50073611314136,-108.13553460154176,-91.53273017511466,-155.15498197294,-164.57453462142394,-168.59948801833008,-162.78536729715825,-160.46921437502158,-170.5540537270271,Plank
-65.48383686961014,-96.68950799486812,-96.62447456032086,114.51616313038984,-95.12615335305141,-97.19410800351551,-161.9116224503183,-158.91332904593827,-159.92846700137645,-164.30023914611493,-155.44381219560734,-160.90401915486012,Plank
129.08961091393715,-92.68019610392619,-101.76945348906764,-50.91038908606288,-88.86957746325861,-97.74356309463401,-165.2641502272736,-152.55461573038664,-154.36133741584152,-162.32457778563338,-156.75340253979186,-154.32037735306582,Plank
-43.98497516185931,-92.08679492323907,-97.88299677003639,136.0150248381407,-92.16499837866407,-99.18621775950214,-18.81851788246785,-21.085898732987282,-21.604583002502526,-18.735595972194528,-22.15641543609768,-22.976055542870096,Plank
-78.10375086780356,-92.73239499882774,-82.52374445099505,101.89624913219646,-91.47878629774908,-83.85852312030346,-159.95271077425286,-164.0399407919469,-171.26284557027574,-163.2263236455067,-159.67039814944278,-171.26445243728799,Plank
24.336460651271867,-87.39980242273026,-88.11982599722602,-155.66353934872814,-85.91673701067543,-91.64308962721887,-11.781709104262156,-21.63095836743356,-20.81379402598918,-13.643048036091406,-18.822249402768332,-21.962244805504838,Plank
57.218132056241046,-72.43658030814271,-78.39415484213828,-122.78186794375897,-70.89898232284341,-78.76572721534653,-11.053106560175422,-21.68994879485886,-20.763562330677765,-15.772757512920668,-16.666826227519493,-19.991822998890786,Plank
-1.9621833274410425,-94.49608128644347,-94.22810683067637,178.03781667255896,-95.37327856241085,-93.63669774221016,-22.801704734497932,-14.422551425097955,-17.2367518137664,-22.95663855173543,-13.219956969994145,-15.865024293882408,Plank
40.859883954187886,-79.68727561968315,-91.22257308236911,-139.14011604581214,-79.92075151612413,-89.88654953541486,-11.681001949114595,-17.988698049840952,-24.64849291659772,-13.824308714543948,-15.870391192881252,-24.088918832103065,Plank
-1.9621833274410425,-94.49608128644347,-94.22810683067637,178.03781667255896,-95.37327856241085,-93.63669774221016,-22.801704734497932,-14.422551425097955,-17.2367518137664,-22.95663855173543,-13.219956969994145,-15.865024293882408,Plank
-65.48383686961014,-96.68950799486812,-96.62447456032086,114.51616313038984,-95.12615335305141,-97.19410800351551,-161.9116224503183,-158.91332904593827,-159.92846700137645,-164.30023914611493,-155.44381219560734,-160.90401915486012,Plank
124.50224933618242,-44.00550255553222,-171.22531809975501,-55.49775066381758,-46.514386212123206,176.12238296182636,6.227391332896578,-11.818311127327561,-8.506480600770647,1.3946057535063496,-8.622956684792776,-8.185434149625381,Plank
-78.10375086780356,-92.73239499882774,-82.52374445099505,101.89624913219646,-91.47878629774908,-83.85852312030346,-159.95271077425286,-164.0399407919469,-171.26284557027574,-163.2263236455067,-159.67039814944278,-171.26445243728799,Plank
-47.416160969921954,-110.67549283638526,-85.62539134251851,132.58383903007805,-106.44971216077067,-88.24726501781223,-162.3844104940999,-165.41459851255294,-160.56689548899993,-167.06405236661743,-159.69805876303562,-161.02466521552236,Plank
-177.72804045476948,-92.54830306632574,-88.19685042827366,2.271959545230519,-89.18469861779114,-84.2557054353699,-178.8375583802393,-145.87302563339142,-151.24723595317965,-178.74913096795834,-153.39165634904478,-149.5648759570651,Plank
24.336460651271867,-87.39980242273026,-88.11982599722602,-155.66353934872814,-85.91673701067543,-91.64308962721887,-11.781709104262156,-21.63095836743356,-20.81379402598918,-13.643048036091406,-18.822249402768332,-21.962244805504838,Plank
68.86207114079161,-87.81071741198885,-92.0625832444094,-111.1379288592084,-84.72749650733232,-91.02640874852152,-30.968130437984737,-160.4976560979508,-69.04145484803261,-33.5312630238774,-43.546297007898055,6.104109140987695,Plank
43.64630078093796,-85.50388939332797,-100.02024611264324,-136.35369921906204,-88.14861897330422,-102.6154934814121,1.1345311246122716,-29.866459051179042,-27.07783972877827,-2.728978579069519,-27.280605793558195,-27.4474351408704,Plank
-57.28063828910494,-102.90965787962705,0.40927649075945266,122.71936171089506,-98.74207161752783,2.9819480666903684,-173.5721711967006,-168.89031642301148,-173.08192802950828,-176.45055758835508,-164.87922845205452,-172.2047489788714,Plank
48.41680455337521,-84.87073088463255,-92.81347315292652,-131.5831954466248,-82.9956346809168,-97.17567570182557,-11.578789005703975,-24.521528472760718,-21.894814014597788,-17.89364289895695,-20.468196759253722,-20.689937900589555,Plank
-126.1485722444599,-16.599025428956505,-101.04164747765624,53.851427755540115,-13.878426562360493,-107.07805401486763,-7.7523682924249835,-6.458836918542732,-11.611469892230291,-6.448882145899164,-7.893455056681802,-10.681030130856668,Plank
-62.1844678769236,-100.3334176592496,-85.89402726829417,117.81553212307641,-102.94373030485045,-84.22546243414563,-156.9907230783825,-164.340752433562,-157.34769328347227,-164.0822425106262,-159.3742614717115,-158.88404331480248,Plank
-41.18758718097133,-93.42690427551615,-1.912250115985896,138.81241281902868,-92.37724031035873,-6.1831491744721925,-167.2571695499091,-172.7216330949585,-171.8834066190153,-170.32410592715777,-168.37153430934336,-172.2576357440282,Plank
-106.08629603840784,-92.61589092130119,-99.84941026144466,73.91370396159218,84.12855565072108,91.12668646780392,-31.195567171310675,-30.517710521559902,-22.154568994079554,-12.440890968785954,-37.81997182187409,-34.9304164714603,Plank
56.70096388047866,-84.10092682753235,-87.97731861900243,-123.29903611952135,-82.28568201534591,-90.77718803645725,-11.745092873342612,-109.49997187390815,-54.3714505515354,-16.157917488141027,-25.81318102958199,-24.006273742021463,Plank
62.92803051537954,-86.39180323213849,-100.22211586908868,-117.07196948462048,-83.65464958634834,-100.75798910247538,-14.147799851032483,-21.695497716504917,-17.227310085053844,-17.97074399347289,-17.456869885768704,-15.409947375870404,Plank
34.90263542574873,-86.5398096622602,-93.64363627275847,-145.0973645742513,-83.16481908662182,-88.44868546044364,-19.41046344673475,-25.74085109261442,-11.822252116503563,-21.63536659944492,-22.467900711570255,-12.552440025188739,Plank
-39.27250474669921,-93.11279853487434,-91.36964386920307,140.7274952533008,-90.80966123540489,-90.70072985113283,-158.23012324187354,-161.13992384100825,-160.82792240054584,-161.76883958362342,-157.34582143118362,-160.72637784129122,Plank
48.41680455337521,-84.87073088463255,-92.81347315292652,-131.5831954466248,-82.9956346809168,-97.17567570182557,-11.578789005703975,-24.521528472760718,-21.894814014597788,-17.89364289895695,-20.468196759253722,-20.689937900589555,Plank
-5.09988389136788,-96.5106584646811,-101.93503046457825,174.90011610863215,-89.88039916546165,-104.46646275908395,-34.43604785539905,-37.445532996832405,-27.750017477996252,-37.12258936225713,-34.85610247672751,-28.873418486612014,Plank
38.30502898265195,-81.56377710724492,-89.53754801445582,-141.69497101734808,-80.8178243683109,-89.19023308216602,-10.219774421803663,-30.152598112742936,-17.550632825081372,-14.650854292494127,-25.31146490767268,-19.92948131080031,Plank
-126.1485722444599,-16.599025428956505,-101.04164747765624,53.851427755540115,-13.878426562360493,-107.07805401486763,-7.7523682924249835,-6.458836918542732,-11.611469892230291,-6.448882145899164,-7.893455056681802,-10.681030130856668,Plank
28.613445701052434,-68.9082189402724,-85.34171147223825,-151.38655429894757,-72.17136554481294,-88.4861401454276,-11.103482230823417,-25.200626116042752,-18.109285097763145,-13.548189873700954,-22.722837072015135,-19.190028377420948,Plank
-102.31888798934904,-82.82575377550317,-94.95250568694205,77.68111201065096,91.11817426380397,104.40420099079014,-32.36864869031477,-29.693639651233045,-22.159303000461183,-11.673970141635204,-37.642696915855495,-34.43915959953384,Plank
-39.27250474669921,-93.11279853487434,-91.36964386920307,140.7274952533008,-90.80966123540489,-90.70072985113283,-158.23012324187354,-161.13992384100825,-160.82792240054584,-161.76883958362342,-157.34582143118362,-160.72637784129122,Plank
-101.67733144625839,-94.39813346327205,-101.69423187739399,78.32266855374162,82.62486464584215,97.79293766855062,-34.18317867254638,-34.785528218445975,-20.248817844592885,-13.184868227435615,-40.95263209424011,-35.269731219259796,Plank
-64.76561017864113,-78.9556036217407,-7.13587714816012,115.23438982135886,-70.18385343698236,-14.311087302196118,-177.91724775031693,-167.34498725570896,-169.23948682287275,177.8601384975442,-163.00535402776313,-167.35944640804192,Plank
-67.13573164502031,-99.09166437274014,-85.7484526525271,112.8642683549797,-97.4841292365482,-85.01239673425265,-168.61399618957978,-158.95299501417688,-159.0087270215591,-170.9186587180636,-157.61034168035934,-158.18332034993122,Plank
56.70096388047866,-84.10092682753235,-87.97731861900243,-123.29903611952135,-82.28568201534591,-90.77718803645725,-11.745092873342612,-109.49997187390815,-54.3714505515354,-16.157917488141027,-25.81318102958199,-24.006273742021463,Plank
-3.038711481249841,-82.55286093633447,-88.22730201204983,176.96128851875017,-79.9014370035506,-89.45541024300672,-15.378124181702834,-22.645259326162144,-18.563722778368703,-15.064827807818086,-21.02647510987264,-16.89171978179191,Plank
73.63036301074139,-83.58130464382653,-95.64946691449596,-106.36963698925862,-84.59605163909968,-96.35601756092137,-8.27638674163119,-19.76878544174729,-17.309719359811247,-6.460042436296947,-19.654897052197686,-15.38730387350598,Plank
34.90263542574873,-86.5398096622602,-93.64363627275847,-145.0973645742513,-83.16481908662182,-88.44868546044364,-19.41046344673475,-25.74085109261442,-11.822252116503563,-21.63536659944492,-22.467900711570255,-12.552440025188739,Plank
-39.694922495635666,-93.32859474805177,-4.3428842035565465,140.30507750436433,-91.79431557746828,-13.554821564760276,-171.94547044197503,-171.03298211893548,-172.1240491100074,-174.24911824247962,-169.11943830359326,-171.7623112717823,Plank
34.97349971308417,-79.11295305969443,-89.826368238368,-145.02650028691585,-80.43596151766275,-89.03397134583598,-15.064601851149792,-27.836269944706423,-9.266614886633006,-20.893942086371464,-25.178601429084537,-8.897758778739497,Plank
-166.10205176853592,-95.86356732314535,-21.63556677800932,13.897948231464099,-81.03469773148164,-60.772825582395434,169.82567710537282,-166.53112222421043,-170.95274395345095,159.77303584234417,-161.12473001841326,-167.05435507944478,Plank
80.70195791934495,-88.89781258970041,-96.00153712739173,-99.29804208065507,-87.81334847472954,-91.37245302379601,-9.676081669121809,-25.682014670743136,-23.109314091417815,-15.062914481933694,-23.411863184548675,-21.02930887211117,Plank
7.0087651302535035,-75.45959058598008,5.475398806547448,-172.99123486974648,-76.10052915998926,2.6312104528048805,-173.60188468636414,-166.41965362067327,-177.86748323259695,-172.3365169272175,-168.7244966249344,-178.68941834803317,Plank
-19.891024128428484,-100.051274052448,-79.39067034677318,160.10897587157152,-101.40141529168339,-81.20612368655424,-162.6308359869231,-160.6748522490132,-157.19626744805325,-168.1680844825678,-157.31713976980754,-156.0101992124061,Plank
156.38992343790736,-95.50336921135268,-167.16753646004298,-23.61007656209264,-91.70509192320337,-178.30129822975965,-2.5499803173019733,-12.426105383828878,-10.0485830241521,-5.599801379005458,-8.551090741236333,-8.48057532807066,Plank
-178.95768738240238,-96.97299902621195,-92.08085005460617,1.0423126175976167,-86.44473238291549,-87.07161617599876,-166.5406153688966,-132.31698391347126,-148.95188413466784,-157.07187878192477,-126.46791727036985,-171.47015069498204,Plank
-127.41615658679687,-94.0740864821736,-84.98289922453814,52.58384341320313,-86.03567998189035,-87.52957919473624,-11.463200906532991,-28.33322318604712,-22.54963972483926,-9.850312310136463,-28.749198419437572,-25.049392970562685,Plank
65.18913015121919,-90.72626700707212,-173.4385383315851,-114.81086984878083,-89.09329477297571,178.04413438927074,-3.8530549889722523,-13.143559207449243,-10.179622551381835,-9.303002163435364,-9.612903168282713,-9.459156362595637,Plank
-3.038711481249841,-82.55286093633447,-88.22730201204983,176.96128851875017,-79.9014370035506,-89.45541024300672,-15.378124181702834,-22.645259326162144,-18.563722778368703,-15.064827807818086,-21.02647510987264,-16.89171978179191,Plank
-64.20019104188778,-106.7838240634475,-0.7558628466813696,115.79980895811222,-115.63001586547516,-14.55690096967956,-171.1004386597901,-172.98576896232382,-177.86544428435613,-178.2709709436312,-170.8003227526651,178.96057360511108,Plank
80.70195791934495,-88.89781258970041,-96.00153712739173,-99.29804208065507,-87.81334847472954,-91.37245302379601,-9.676081669121809,-25.682014670743136,-23.109314091417815,-15.062914481933694,-23.411863184548675,-21.02930887211117,Plank
-136.5303362147157,-95.39440019406919,-84.30201072628032,43.46966378528432,-93.50719089697472,-85.36677605682517,-7.83426941167948,-26.15615402546542,-35.70454131271692,-6.920786222190441,-29.38731004784428,-34.336115226912064,Plank
172.55278252074504,-87.95734169335768,-89.5610615156427,-7.4472174792549675,-75.45242778188165,-77.67434273888429,-15.78093564878231,-25.691859602679973,-34.52514047228336,-10.632456766580916,-27.629054125680703,-37.486614374863514,Plank
152.6380276211819,-98.45382315505698,-110.01101409147391,-27.3619723788181,-93.2684868882465,-95.38794286666409,-162.79602568853258,-158.22389834859882,-153.34569940417302,-156.44593399117537,-162.92993327230022,-154.75345971591747,Plank
33.60494514979557,-100.77456533127446,-8.602135657867148,-146.39505485020445,-97.43075926157047,-4.201176593417719,175.85451779803225,-163.69490023038773,-168.96947749840376,179.67649224645137,-164.83735889953476,-168.212250397799,Plank
-111.65697666585665,-83.1014171984486,-75.41936814754062,68.34302333414335,10.057479327492093,1.047074482622481,-177.08717278120983,-175.08729163868784,162.27754010873767,-177.6921728095166,-145.1528756510072,-160.95944440357385,Plank
99.8963744229849,150.3799405485903,-142.9796819015638,-80.10362557701511,-88.20596932497683,-83.2855866592269,-177.1640699126501,-161.00605262174335,-158.54375373428962,-157.5841279178925,-167.34228700954444,-166.1005061682638,Plank
161.82274997353443,-87.50618911972157,-91.61582923567329,-18.177250026465593,-81.30705459591172,-97.58415082937432,-7.955585757668213,-31.97788168993785,-25.348998614030833,-5.242255251295382,-33.48611392472454,-25.836139906966363,Plank
58.70993005724852,-90.97376098328341,-94.04894094277874,-121.29006994275147,-87.9783266045857,-95.21599894151726,-11.601605309629631,-22.01250112931687,-18.987185720271757,-16.990907021481267,-22.383884878933834,-17.103117399846614,Plank
34.10177798496392,-90.27788672889375,-90.71381252796769,-145.89822201503608,-91.11415941387084,-89.13016250009892,-8.280951037121639,-27.28346081577008,-27.196104244556345,-10.992413306633088,-25.85845930256244,-27.482393377522023,Plank
58.70993005724852,-90.97376098328341,-94.04894094277874,-121.29006994275147,-87.9783266045857,-95.21599894151726,-11.601605309629631,-22.01250112931687,-18.987185720271757,-16.990907021481267,-22.383884878933834,-17.103117399846614,Plank
76.89521579951982,-92.05966451692642,-169.9256900906713,-103.1047842004802,-89.15449742239144,179.6333146609266,-5.7510887188299575,-11.49952744456941,-10.956057967209823,-9.84769856013746,-10.008521526873682,-9.553067283947007,Plank
10.257523929203966,-72.34532669204626,-174.94622138972557,-169.74247607079604,-78.72992366905747,-177.3833357186166,-6.041904388451794,-11.9509923105462,-0.13584471790449973,-8.090319619939157,-12.543790555003568,0.3957124584405095,Plank
-47.55939400388772,-95.59947653647363,-91.26661911724133,132.44060599611228,-95.98678077879363,-92.22062837635184,-162.9369684491046,-157.6006375262518,-161.96055503996791,-166.61274291352518,-156.36396731191985,-159.51329043346695,Plank
3.8479194708850644,-91.74128694936249,-90.76090773373252,-176.15208052911493,-93.45172367567856,-89.29562882591583,-20.484654102939338,-23.904608514914678,-18.98592782450556,-21.94887265475958,-22.858962704612022,-19.79681561830282,Plank
-176.04542925229106,-91.61320706595988,-97.06370838051508,3.95457074770893,-90.04448922608732,-97.92373335672941,-51.27676844441078,-13.489259908749125,13.043823087539678,-27.364095540533246,-56.615768408459864,-25.11007942743998,Plank
97.8279475067666,-79.7340354700204,-87.97366487967463,-82.1720524932334,-79.06565888030589,-88.11653547349016,-3.296007003827435,-9.288113477279165,-1.1893428786840325,-10.052940442543669,-25.503039952669724,-27.762946097810882,Plank
132.86892655785942,-102.35724299050378,-103.02255189257201,-47.13107344214058,-97.46204723196983,-96.27326003123062,-176.50345147112114,-152.68972385195414,-148.22437644463074,-173.10782656702318,-157.278662478741,-146.8442838439592,Plank
170.28638303719566,-100.52791704559296,-90.47776659315727,-9.713616962804346,-91.35355284731874,-87.22686458266045,-173.03028970643558,-139.8023321213085,-156.04699589427543,-161.3927322529586,-155.89534887918146,-152.31156543659816,Plank
-165.11960715799796,-102.90614813244515,-96.86748734278437,14.880392842002042,-101.79707623983339,-97.24527065712847,-172.2162405729822,-154.61513761665373,-149.5764857496975,-173.0763010099984,-153.80986200713798,-149.08634810971716,Plank
25.18552864047356,-105.67455405725671,-99.02575152323064,-154.81447135952644,-105.9984800998559,-96.39220591045174,-171.89063085270095,-150.85862128099026,-160.1614873056222,-175.38088378230276,-178.16046619017536,175.29359991981872,Plank
-72.82762219572588,-97.19551553802498,-89.04631144518711,107.17237780427412,-98.04976303839993,-90.29536041400223,-167.1100155525981,-163.35104171050818,-160.5988750923143,-171.73761765227437,-158.91094865602383,-158.43779813597754,Plank
-76.34898205045171,-88.8027664001233,-1.037609165011164,103.6510179495483,-86.46503789672153,-5.577860475273702,-179.38909288665022,-174.31817720540977,-171.50852463267313,177.59429439501122,-171.75806372327185,-170.20965765289856,Plank
161.82274997353443,-87.50618911972157,-91.61582923567329,-18.177250026465593,-81.30705459591172,-97.58415082937432,-7.955585757668213,-31.97788168993785,-25.348998614030833,-5.242255251295382,-33.48611392472454,-25.836139906966363,Plank
-14.250717828618635,-92.14891808282144,-86.24989152799355,165.74928217138137,-91.16581557965992,-86.68664679415403,-169.49344966585141,-157.2617364670022,-157.4933840658453,-171.16454071559244,-156.76121899741656,-158.49387822339764,Plank
1.9928499564540518,-88.36070924387,-166.78776767521387,-178.00715004354598,-90.65097341572337,179.8611532352835,7.695737727884626,-18.156032294591583,-14.1517298686897,8.25980215234205,-37.04643095810795,-7.587028296256509,Plank
-72.82762219572588,-97.19551553802498,-89.04631144518711,107.17237780427412,-98.04976303839993,-90.29536041400223,-167.1100155525981,-163.35104171050818,-160.5988750923143,-171.73761765227437,-158.91094865602383,-158.43779813597754,Plank
-76.34898205045171,-88.8027664001233,-1.037609165011164,103.6510179495483,-86.46503789672153,-5.577860475273702,-179.38909288665022,-174.31817720540977,-171.50852463267313,177.59429439501122,-171.75806372327185,-170.20965765289856,Plank
-81.65162313186869,-92.14386898704016,-84.13204666385731,98.34837686813131,-92.00960041415101,-86.14219200314561,-159.94672940907375,-163.70123620645944,-170.22962360282668,-163.51307752280067,-160.6457724916952,-169.3997699409864,Plank
-106.75028230575695,170.17645253450243,-85.2228196313638,73.24971769424305,176.3446069224946,-83.7350839754306,178.3840630026332,-164.7765204102986,-178.19940783258778,175.3432077731678,-164.0827645963369,-174.70009263166205,Plank
-13.484535287376376,-90.33087039960037,-80.27596107089171,166.51546471262364,-96.02578264625146,-83.17346555705117,-159.11715660732048,-160.056494275612,-155.45257346062797,-159.12352515902273,-153.90543844389774,-160.06212318363737,Plank
12.855766486721425,-69.97491467652219,-111.93746456078128,-167.14423351327858,-90.62229558444135,-97.95839457079582,-8.533093762482325,-33.53424614370979,-31.968280479991897,-11.97655505100398,-146.69707239468661,-19.156698822039772,Plank
61.19395322386885,-93.9261509037539,-99.20684766910745,-118.80604677613114,-93.05928806879277,-98.28058463179414,-14.274408226158863,-25.803392069439173,-20.821296250803556,-17.844368292581585,-21.80785748824971,-20.54462259746255,Plank
171.36297431555323,-94.10438389507155,-102.48602068882879,-8.637025684446755,-92.58963412949521,-100.14863767194812,-16.11263202221749,-20.638287392451304,-21.147938597340936,-15.735254482660324,-21.018741674315933,-19.157592702446255,Plank
-40.431395915306325,-94.19503999741511,-87.63184002788883,139.5686040846937,-91.89278366679005,-89.10716758155496,-171.72465834419924,-154.63715256462493,-155.54627875166122,-175.87245438689433,-152.3919378565285,-154.89337315883097,Plank
30.948802487423585,-95.40196406789293,-99.95371240111898,-149.05119751257644,-98.39144696729268,-95.5685546029708,-23.94870860921607,-46.542559001933036,2.2462963172204784,-28.44296210041142,-43.99123969355223,5.145533414813459,Plank
-147.52929248862617,-174.27775261151947,-69.08722018975249,32.470707511373845,-173.3972077261931,-94.71569045939964,-175.23824521407533,-176.81955565056174,176.3041969991417,176.29139678301908,-169.70041181231764,179.4767742552408,Plank
-37.64607604002188,-90.40198705766616,-83.99918156587636,142.35392395997815,-90.7030662490867,-84.74363468500358,-158.9571094124903,-157.45278936692338,-157.68995377304884,-162.61083389281688,-153.4058338899813,-157.22666646327957,Plank
146.37270662061505,-96.9045366411222,-96.81609271968097,-33.627293379384945,-93.57559010332032,-89.03707639751781,-170.1536208029882,-154.64160245625808,-148.6912795212842,-167.4999558598946,-158.42184748000102,-148.82023661662885,Plank
-51.64450131063283,-172.17547436975747,-78.64910900024321,128.35549868936718,-172.7580817071654,-78.51680242603794,-171.76319333535696,-173.3459024210525,174.971530980498,-178.02602775955705,-170.47687940975237,178.10809232365077,Plank
-35.943477891257594,-92.73248947068845,-97.76836851246797,144.0565221087424,-91.98781258596264,-98.51671005062313,-18.85296415807525,-21.56549216022637,-20.605671614490728,-18.980894315727927,-22.4908441477174,-22.11126290090462,Plank
-78.91297814931451,-87.92863939392632,-79.60901409112883,101.08702185068549,-88.09927866111435,-77.18239368419145,-165.64192837131964,-160.23226184439005,-163.01549623221194,-168.7398956166773,-156.23505267769843,-162.75295278653223,Plank
-171.26512687187287,-80.39154995101528,-85.2531493106001,8.734873128127141,-80.13404204178424,-85.64042945205473,-9.759626293208745,-13.405167934554656,-13.197220272757225,-10.604492005074157,-13.275748446167984,-14.19427337899499,Plank
59.01300001822895,-90.03052078204607,-96.01537526758264,-120.98699998177105,-90.02017727394573,-95.35470753937116,-16.311433054013296,-28.537352583268344,-19.249730861560018,-21.248020014470434,-24.66865610342739,-17.88395959719302,Plank
-41.51011634969183,-98.69441142470298,16.887710316937476,138.48988365030817,-99.82136683448417,-2.268715226858455,-171.34026287059814,-167.02004956027272,-173.34916471316606,179.4565135477784,-159.33760901105978,-170.68680792236697,Plank
-35.80629298742762,-93.28757323720947,-86.78917700468448,144.1937070125724,-93.77820927101502,-90.7663556470192,-176.680499202786,-155.97783881359956,-148.56405727799302,-179.98903957235814,-153.8652693839079,-147.79545069877403,Plank
-49.1216730382207,-103.1405892055819,-84.88066224471409,130.8783269617793,-102.25790148483102,-87.20164590648349,-166.33521168690893,-156.03358413627674,-166.46130556743236,-170.38057185760323,-153.23622334876487,-168.47758389100454,Plank
121.922572799481,-88.88314078023765,-107.66490049352473,-58.07742720051899,-88.12564700819604,-95.13599818635058,-179.55808169744745,-151.98907828198324,-146.4356818725686,-178.01869246118585,-151.96867836937088,-146.82623147901913,Plank
-8.319166025304327,-94.42439546856826,-90.12416248919337,171.68083397469567,-92.18445424983527,-90.80311958962082,-158.96486950471643,-160.4798914359487,-159.55439599226918,-160.90237705083703,-159.4627932152109,-158.27411049172312,Plank
-98.8197547977171,-85.5156424164122,-77.33351263754678,81.1802452022829,-8.576504112902704,-48.03359443017051,-156.12463730430923,-146.00810609170307,-155.45656302245902,-172.0817469907082,-84.55997587755833,-108.51257966872483,Plank
-104.18992911661775,-104.42597002676423,-103.0236900886463,75.81007088338225,-101.33084785692407,-104.54237465160948,-15.396867968735393,-25.228307681941597,-20.026863314120952,-12.760889466197291,-22.003604764570927,-19.283668940183304,Plank
86.08709136757533,-108.31309384949279,-91.09071902836745,-93.91290863242467,-107.97555996341197,-93.90949021748708,-168.99655514084955,-149.3774419229838,-158.24227133881757,-167.61462154128392,-177.63005356120502,178.7111188710618,Plank
-56.902307801929965,-93.25208940780719,-84.71544355374074,123.09769219807005,-94.9203223227364,-85.67481793399892,-164.35184586551975,-154.22453227228232,-161.09502582712653,-161.463445236683,-155.79418821847838,-163.90280649473652,Plank
-57.091170864836705,-103.37907608667997,-0.8246759334852999,122.9088291351633,-102.25938904386898,-3.8441394842357695,-178.175659181862,-163.81523123251532,-168.2331084376044,-179.654823765421,-162.42891734409514,-168.23127152970494,Plank
-55.85957517609837,-100.63010361038354,-0.062189394613245366,124.14042482390164,-99.81318959786034,-1.9460172098852107,-171.79075377095867,-169.79788407228125,-172.4654270058015,-175.0868438099357,-166.9178953199762,-172.92554883132163,Plank
-72.11557168048019,-101.52414489105017,-91.5925578715969,107.88442831951983,-96.2237768702117,-95.47027987223979,-165.8743003022958,-158.26705259026676,-156.01441470441281,-170.6648623032745,-153.06613750881021,-157.48083458287243,Plank
169.17528900561797,-93.90294273365647,-97.1289090052993,-10.824710994382045,-91.50107932654053,-96.02700690293752,-173.31335592356166,144.01076580291266,149.4732676227716,-167.11783196881643,-161.3829989775944,-147.37050282740157,Plank
-49.60308813246131,-93.54554457722575,-83.26392338395765,130.39691186753868,-95.29272130985298,-79.24403046305797,-158.5357511723385,-160.42269548579873,-158.62166992847438,-165.4560960800959,-160.64405460224484,-156.88919144482978,Plank
22.174033523813986,-86.76991498097311,-90.2803300130075,-157.825966476186,-87.500788509531,-90.79106270975377,15.386996532771965,-51.05962202092251,-42.523478217151094,14.50900185188276,-52.71591745325217,-42.265842427691794,Plank
-53.84857525415324,-91.64504639831868,-92.79095970906043,126.15142474584677,-92.62976574800814,-93.39058251449362,-169.2126734154452,-158.1128384081066,-159.3930837703952,-171.9191332695329,-156.23452002916392,-159.3212955544135,Plank
-19.21054133558199,-92.1768344888522,-87.48963367011763,160.78945866441802,-91.80778616156375,-87.16537829464707,-169.69797224108095,-156.87332902219381,-157.21317285993652,-171.37977741464726,-156.10879617961913,-158.82426726504318,Plank
-81.42633841621209,-91.9885115775891,-84.81720944680238,98.57366158378792,-91.35173433608186,-85.55713527120132,-159.6993903179282,-163.8299424147852,-170.5260948990726,-163.77705128634722,-160.05990612886734,-169.078041902201,Plank
0.5415393450751811,-107.57312504632723,1.4816999554750905,-179.45846065492483,-108.14872912411786,-1.3325742263380542,-176.17150573922515,-171.53501069948538,-176.16730472704847,-177.1480617828598,-171.83026125127245,-176.1168439962324,Plank
154.1066222862886,-93.12545519154808,-99.79259240046173,-25.893377713711406,-75.91677387398673,-76.52952348664773,-153.70193689349938,-169.13194983607437,-162.3329630705496,-149.28168777305032,-163.17458119770893,-160.1887674324205,Plank
-47.55939400388772,-95.59947653647363,-91.26661911724133,132.44060599611228,-95.98678077879363,-92.22062837635184,-162.9369684491046,-157.6006375262518,-161.96055503996791,-166.61274291352518,-156.36396731191985,-159.51329043346695,Plank
-165.01581968397608,-94.11269075111477,-94.49519310508329,14.984180316023933,-79.256596269168,-91.23792793265696,-30.017472299087867,-53.85367023057707,-22.98479865177859,-14.62062819617082,-40.75367820811518,-30.009612668180058,Plank
35.30845819158587,-90.40874628385446,-92.13323885421882,-144.69154180841412,-89.76721336078046,-90.5277908903601,-14.569340170480604,-21.486437650576264,-20.352046326016712,-18.63377799257705,-19.482145693437506,-19.171876781567665,Plank
147.5720792731888,-100.5452006547726,-112.01970527460841,-32.427920726811216,-95.52154152931728,-96.00137469764609,-164.2543156059922,-158.9731144451324,-152.7197690006768,-156.58309942001546,-164.30707817610653,-154.7836785136381,Plank
172.31219198122946,-86.91774372572272,-91.73830419312091,-7.687808018770543,-87.89356735248545,-91.90049358742414,-31.18049297639555,-16.961905738350264,-12.119571533180055,-32.394878053034624,-13.123005078307367,-13.086601420764307,Plank
22.174033523813986,-86.76991498097311,-90.2803300130075,-157.825966476186,-87.500788509531,-90.79106270975377,15.386996532771965,-51.05962202092251,-42.523478217151094,14.50900185188276,-52.71591745325217,-42.265842427691794,Plank
131.62361891509016,-91.58172396978699,-97.52881780772081,-48.376381084909845,-93.56116780275167,-99.28292572760783,-176.31439077599984,-148.63092089736833,-148.5486825097233,-172.57068382110447,-151.10426477104767,-150.98936295656065,Plank
59.01300001822895,-90.03052078204607,-96.01537526758264,-120.98699998177105,-90.02017727394573,-95.35470753937116,-16.311433054013296,-28.537352583268344,-19.249730861560018,-21.248020014470434,-24.66865610342739,-17.88395959719302,Plank
-13.484535287376376,-90.33087039960037,-80.27596107089171,166.51546471262364,-96.02578264625146,-83.17346555705117,-159.11715660732048,-160.056494275612,-155.45257346062797,-159.12352515902273,-153.90543844389774,-160.06212318363737,Plank
-103.90882317596453,-96.92769652792738,-106.6885221991298,76.09117682403547,91.61677618274908,95.42440085822305,-28.747763815731428,-31.35496246722326,-22.14677189984122,-9.627959630288668,-36.55507801496757,-32.13584829451767,Plank
82.68143293022231,-87.60765256250765,-94.15748120499462,-97.31856706977767,-86.9649539561685,-91.67776079470056,-29.57593633522155,169.69473445341336,-101.34550717597256,-34.112414482098224,-40.79545128153139,6.654946050528041,Plank
136.29733275702995,-91.67535981953793,-101.64754517731276,-43.70266724297006,-88.79779334971421,-93.83018098123307,-164.9989771784996,-152.87117575817823,-152.70093315686384,-163.2481677001866,-157.1137589895763,-152.8068655075551,Plank
-34.77369280966272,-105.47141955706654,-93.99573251864615,145.2263071903373,-106.1321603888713,-94.5665174659142,-167.66799060774719,-157.86659870538605,-157.42478201822928,-169.74832356868427,-157.89047153691763,-155.86774380888247,Plank
9.836838388549875,-87.89666196250063,-97.11348544023622,-170.16316161145014,-86.29399372092081,-96.91990179995726,-18.228003207534044,-18.674922012265903,-10.81243468010449,-20.40065853601712,-16.735864429168682,-9.994728734726417,Plank
-68.54946467060643,-87.4540480880755,-85.03906067188898,111.45053532939357,-90.46601776662345,-86.83530901353829,-168.99420148104178,-157.34356131117724,-159.56660216050176,-173.89794681233246,-152.52285886134072,-158.5877864532833,Plank
120.6200281372137,-167.76799595769944,-164.60283884650588,-59.37997186278631,-91.50644526965131,46.0133862821172,-171.6865047566531,-166.5185061750185,-169.87712034444561,-151.94772685178577,-172.95500520053656,-178.17005689071428,Plank
47.85610630084865,-81.95334669275184,-173.38749366504143,-132.14389369915136,-78.17386345379552,-177.79148174952618,-16.088801961307322,-16.56125403700286,16.561662374108796,-20.58513898785496,-13.034224007026802,19.014096404533174,Plank
-80.14710803762716,169.22287789866093,-172.2752263042906,99.85289196237284,158.8217432921026,-135.1417056751219,42.73386546333391,144.20982857527972,35.78264807273593,43.59185308513221,-103.38894814585349,60.30478284044239,Plank
136.39947567448442,-93.78660232348906,-101.92302871143954,-43.60052432551558,-90.28375189563216,-91.88416638854514,-166.1480153339557,-150.18863628893013,-156.77322417566197,-162.03624845732227,-152.97567528761496,-156.52475579399066,Plank
129.84187937684868,-103.57309048334152,-90.72804166513079,-50.15812062315132,-101.13035145313374,-94.88944144431728,-169.1837127319477,-152.01961700395785,-143.36068643917,-167.4942235973307,-152.94001210487775,-145.3843777252414,Plank
-38.600722745515775,-95.22087247122874,-89.11397719404644,141.39927725448425,-94.90558533809076,-88.35720156396054,-165.6552962454278,-153.54807011385674,-159.5745995771201,-169.2142029307824,-152.14813988799807,-160.91417439684747,Plank
-77.2328880865487,-92.62118512564786,-89.23296942687878,102.7671119134513,-93.60660369973476,-89.71659543415676,-13.007167793509298,-16.51561939901527,-25.779921584409742,-12.036725673909721,-17.041201953328244,-25.862032018494343,Plank
41.906384958123226,-85.168116995281,-172.01564956737008,-138.0936150418768,-85.39906314199726,173.67538051061376,-11.214971040953634,-25.491753954736215,7.0101708938613445,-16.17074690856679,-22.45816334401855,5.008727823991643,Plank
41.95710199850855,-91.63199604419813,-101.58971480876369,-138.04289800149144,-84.91818389209776,-95.28931385198746,-24.613024682108236,-35.66348265019003,-25.435237237546374,-27.531345269099695,-31.858608661909592,-27.6621819641138,Plank
33.11648439757609,-85.88877820829163,-165.00000634232757,-146.8835156024239,-85.40616251160596,-172.44497919307577,-3.5128431537250417,-8.375592469594746,-12.806545454049228,-5.158207602501116,-5.902941138982155,-12.231260234003486,Plank
9.836838388549875,-87.89666196250063,-97.11348544023622,-170.16316161145014,-86.29399372092081,-96.91990179995726,-18.228003207534044,-18.674922012265903,-10.81243468010449,-20.40065853601712,-16.735864429168682,-9.994728734726417,Plank
-56.530658401252786,-100.83818710374939,-88.71414178140189,123.46934159874722,-101.0446794197054,-87.84266267019001,-177.5455489601915,-152.35475926888816,-154.30625133271442,-164.2233168775086,-158.0702690673607,-159.5141441456936,Plank
-115.87469807842781,-82.3467431822645,-84.35447633256888,64.12530192157219,-87.709736859293,-86.12348889709077,-18.389024415769455,-17.220389711263348,-12.422047380236231,-11.35152149951565,-22.465787514992176,-14.385815030704649,Plank
-56.137177798650825,-93.06074572803008,-92.16827130251177,123.86282220134918,-94.48428233851574,-92.2879798741648,-167.97444972368064,-158.9763958020262,-159.56649063151576,-170.653835433704,-156.3295328267379,-159.7535311298537,Plank
93.91639815368738,-53.92834730868622,-84.73154190064513,-86.08360184631263,-61.21525720659854,-86.74838830638043,-17.80211623388186,-13.515591105368905,-3.8888431853989394,-22.0559490961721,-11.984259979829618,-1.6309438598638517,Plank
-115.87469807842781,-82.3467431822645,-84.35447633256888,64.12530192157219,-87.709736859293,-86.12348889709077,-18.389024415769455,-17.220389711263348,-12.422047380236231,-11.35152149951565,-22.465787514992176,-14.385815030704649,Plank
148.79736985347,-91.47547620800934,-97.73032782709362,-31.202630146530016,-93.47943990298383,-89.20759003533679,-174.30103099026692,-155.32747534835698,-143.77286055509947,-172.6748809262,-157.52937114639082,-142.24531342400647,Plank
-170.00080352289777,-97.27456271749232,-89.52852922561577,9.999196477102238,-95.11981655189629,-84.6713977416889,-12.680796731959884,-26.718380971563,-21.81262427052707,-9.859947866316043,-27.914992829960326,-24.193000857020543,Plank
-77.02732257542927,-91.3599622901401,-88.71369599132922,102.97267742457075,-94.39470879217428,-88.23784145101027,-158.5905734128122,-162.954900717867,-156.78694582991602,-160.9812291174101,-157.54658933159962,-158.8521754011582,Plank
43.44755802957951,-97.8204257956731,-90.40393079123979,-136.5524419704205,-101.35224533364753,-92.31355097247459,-168.77614020561253,-159.2820768210643,-156.66098735074368,-160.46243936304086,-115.09548107201934,179.4453792974358,Plank
-59.811785142818145,-96.65010371821981,-95.30014754493823,120.18821485718186,-96.0196745565305,-91.37059610251013,-155.03673431759734,-159.54761189784594,-169.6667600276114,-161.113850278568,-159.4297378255865,-165.94155444639958,Plank
-48.01416217228636,-97.2094009529104,-90.75224140068755,131.98583782771365,-95.64128664311282,-89.3687852175412,-163.71098950632535,-160.84386741499011,-162.45876367884355,-168.36637008917046,-156.8538793228204,-159.57242664175686,Plank
-163.30350900573035,-113.38055941408511,-2.7068320754805333,16.696490994269666,-86.8416048384241,-72.85280756096992,176.51399327708026,-158.06317794199956,-174.17799510066078,166.99512176379724,-173.70166963951493,169.45364354096128,Plank
169.21480190586007,-110.99932027522382,-99.28921831767066,-10.78519809413992,-93.00426904882231,-90.59231166738407,-165.82994567595028,-154.05789265604128,-148.04000177617166,-164.4430454728296,-155.76643288421525,-147.9528023870738,Plank
13.133722755676875,-78.24167105547492,-97.07245027116448,-166.86627724432313,-80.37485841117974,-96.84306219944564,-15.343335587362619,-25.90313951050299,-23.77758583782018,-17.8562922102283,-23.234784509270792,-26.454675141858118,Plank
-41.19043503337111,-99.21147350696576,-77.00416172718195,138.8095649666289,-101.19323800864531,-81.70948289111197,-163.13529229939778,-164.3143451329846,-160.62586199026973,-167.52752014998183,-160.7120256214728,-160.64756227808127,Plank
47.18805846358961,-85.22887327490896,-92.52037577629683,-132.8119415364104,-85.64553897217996,-90.33359965196024,-12.90838869246864,-18.02137770787672,-17.237185913280072,-16.556392219664392,-17.907017560841716,-15.711532588179507,Plank
-36.87233301743139,-92.67601442610979,-90.6613475243614,143.12766698256863,-94.64502564803703,-95.35455206997113,-19.863496626056634,-19.215708174751967,-15.695043925642288,-19.596625737697575,-21.433422790886873,-16.39505578090265,Plank
-105.34043787682613,-83.07097692709783,-100.3154824869318,74.65956212317388,81.11087008504781,90.03434933617172,-33.940850355390346,-76.85796341969463,5.646160515062884,-12.683690476801212,-32.622118632111224,-54.57750261036882,Plank
-68.34485068638753,-102.56314114775087,-73.21927633736944,111.65514931361248,-122.97998730285555,-73.31575897082388,-158.78387309355938,-141.3031517790258,-147.9496711011985,-174.64348546573058,-138.56098324356378,-143.62169004646523,Plank
94.45398170016819,-82.86982580055846,-96.58448880270818,-85.54601829983183,-92.20723168795948,-94.2248675809309,13.2665097725283,-41.6180167086627,-39.35952547437904,7.81656313167627,-42.759939013132296,-37.84366914384211,Plank
-68.34485068638753,-102.56314114775087,-73.21927633736944,111.65514931361248,-122.97998730285555,-73.31575897082388,-158.78387309355938,-141.3031517790258,-147.9496711011985,-174.64348546573058,-138.56098324356378,-143.62169004646523,Plank
-58.66221880267334,-101.29249923452626,-1.5773139831756557,121.33778119732666,-98.33149190852158,-1.1860045136372346,-177.09259417161542,-167.81332934781113,-171.93750488713098,-179.04695878715884,-166.22960217980815,-172.3353096201482,Plank
131.61658534753204,-81.04159432052327,-153.6999689385935,-48.38341465246794,-78.93796537839576,-152.4178591474466,18.45001883176753,-1.4410867002010181,15.468980091225246,9.599843230663494,-1.7974954273971404,18.520312302883717,Plank
-64.53520090883441,-94.56286623931045,-92.9581772312993,115.4647990911656,-91.81044426644492,-93.16441489805908,-155.12522958012048,-163.93026256323668,-168.4994918262251,-161.25392491156725,-159.78291254656557,-167.0999785285385,Plank
21.77575699668725,-84.68888619052623,-106.92781367256087,-158.22424300331275,-83.51327758286376,-105.7344164763979,-11.25479345767049,-19.863075303295652,-24.500943165755235,-13.989706665840451,-18.47009144462894,-22.75175377350226,Plank
-119.62764169083788,-90.00029594333986,-2.160002099857552,60.372358309162124,-91.75311588693339,-7.129495597110957,179.20267437790415,-170.6447610938972,-170.47344766355795,-178.4532827733989,-167.39202909103327,-173.80336480842513,Plank
-103.50540749602852,-87.366253259649,-127.17881821147463,76.49459250397149,32.227563679222236,-41.90784629268709,-24.159574268791257,-18.592734029041107,-10.525645714540646,-4.383561758332684,-22.6429843609992,-20.424920366272907,Plank
-21.54712475246704,-100.88991389749978,-103.52452526997281,158.45287524753297,-100.01753594648595,-100.24082439674252,-161.15727668502305,-168.1198769803454,-165.9574781321871,-163.53284461622755,-163.67532948730587,-167.93880873337636,Plank
-26.80920797047406,-92.21424667873471,-81.17631277171635,153.19079202952594,-93.02648854009023,-78.17425832073657,-160.50913009456977,-158.01810684170403,-161.34793279837282,-163.57631106615156,-154.83804713650468,-162.54529398273877,Plank
-55.21529321308317,-78.72379819257034,0.21901967092330069,124.78470678691684,-77.41632101168854,-7.11788262771902,-178.99549263007802,-170.56630658339432,-168.14236408374916,175.39236286720384,-168.23966848252124,-165.28766651981732,Plank
65.4105992031227,-82.56069528670471,-164.79446175305452,-114.58940079687731,-76.02049700026781,158.6473024273496,-0.35621246724089783,-15.115401832554921,-5.237207575029877,-14.001385276657013,-6.584439893781612,-6.924535679351728,Plank
-145.20806161967337,-160.67961366699586,179.95116524520566,34.79193838032664,-88.7574978071541,-99.46438648650748,-8.014473829708304,-30.630114531186315,-31.04547674731475,0.2821913758351946,11.7655743998895,18.20795007135907,Plank
-125.9649378688399,-78.88673530490847,-88.88490627219224,54.03506213116013,15.20301438333432,-67.38901595151773,-35.39981764942161,-6.981981830526156,-7.854266419887678,-15.487700235547287,-19.724744996443903,-13.721442068216852,Plank
177.04801946965696,-101.10563246013939,42.419397976365985,-2.951980530343041,-79.50467482288555,133.69296170225226,-104.6200640745744,-144.99073897673233,9.155515205815792,-83.92714067497283,-92.22888955589734,-100.86712969481158,Tree
-179.5952913301395,-114.81789425231409,28.92317632242421,0.4047086698605069,-62.72265474080448,155.9669089444786,-102.94434404267267,-142.72295795645306,8.564443612611015,-84.35340164956793,-96.45290888211659,-96.48671081298703,Tree
-179.28138371572183,-132.43943630371598,-58.717025123991995,0.7186162842781567,-47.301117126205384,-116.66316776935113,-103.0162988816897,-148.96551424738072,0.5781101005765283,-82.58360266000113,-99.58478760307526,-98.73933523007805,Tree
178.40788464502228,117.03429994552967,104.73504113413993,-1.5921153549777503,63.653901509717734,73.11798523994933,-106.4323137595257,-153.17899609890554,-2.333310040604628,-87.02071451592802,-98.92187147134976,-97.40407594648542,Tree
176.31731542876372,-109.29998385370273,17.887628101087994,-3.6826845712362855,-71.11512611693152,160.35089488241513,-105.46244968776746,-160.39883686392517,-14.491489306957023,-85.22361856381114,-95.75327296841857,-102.86838654972851,Tree
-178.4860751596816,-104.90140845989,32.20647044770741,1.5139248403184131,-63.40261370254051,155.05474505560144,-103.9744235782904,-150.2492604712713,-5.615026282949434,-83.78198314375949,-96.62855685624513,-101.06876329722034,Tree
176.5816147300415,-121.23313567064791,5.963853284274023,-3.4183852699585104,-68.84069378653697,167.9582550413497,-101.76406278059099,-85.9163896701249,-81.53433670914067,-80.98076200979435,-41.87052207716638,173.7649420342307,Tree
179.43576786727021,90.11723096250944,71.82683485256793,-0.5642321327298122,87.34809440019932,111.77151748888838,-101.8707994506155,-152.5163664931575,-9.08497983110686,-85.23298424691501,-94.26569386186966,-99.0554111553573,Tree
-178.70872142057158,-116.024804468314,15.62772687311452,1.291278579428427,-61.00490462128206,170.78785411775814,-97.24998837001364,-86.06831316494831,-76.82993517450697,-77.32459338810447,-39.2173111062039,174.12808284615164,Tree
-179.86227020305387,-83.78980035296843,42.429028007253535,0.13772979694614196,-71.09511964291106,127.14049239342158,-92.15474595372565,-86.47640261484482,-85.65082782253657,-72.59002009252704,-26.538241698661718,-169.50473267422774,Tree
-174.99460152856844,114.40729899115382,49.230793705605365,5.005398471431554,72.0170033196443,137.23456858518,-100.92416989145423,-145.7547730179091,-22.637806182956925,-83.50332983368794,-96.69165148357447,-96.41863167945739,Tree
-179.67957585787303,-116.2135714518286,16.390600556253265,0.32042414212695697,-58.96589747107065,171.71852669932636,-96.91605072496459,-87.11996352950676,-75.36302949456652,-78.268347993157,-38.81956400176603,173.68194587110898,Tree
-178.58278987999083,102.57374058093744,42.968398034148116,1.4172101200091671,62.4687829722866,134.98511080223767,-105.09976477997763,-142.24811484216582,-29.106821277607626,-88.75579687550731,-103.2134819657949,-95.42452084301466,Tree
178.41068147648798,87.46923254059696,74.0691944216305,-1.5893185235120313,91.26447112925769,103.98216013707258,-98.5878562173385,-82.99859995515611,-81.24206692865363,-80.4106576424848,-29.1521368237837,-179.5383750829634,Tree
-179.5493222780436,-101.21350350212998,34.68995636025704,0.45067772195641875,-72.66669082344995,154.64541459114685,-105.30943238674651,-141.69124460827788,7.903930921333845,-83.7289330023589,-97.32159732724797,-97.74185228229686,Tree
-175.94882411161458,98.54816136727621,96.94110685194094,4.051175888385435,85.13841370179131,84.8335748705717,-100.02903813601321,-78.67586424676914,-82.62700097097238,-82.83578567798607,-33.59771058253221,-167.045928648,Tree
-177.15120441805325,-120.27872856867407,-134.58430237392983,2.8487955819467476,-59.5533161907947,-48.00436397173686,-97.44321595538652,-85.60508948643816,-86.29880644030072,-75.93986995189455,-32.819166861082586,174.41253102077107,Tree
178.8422869579348,-103.13882338566357,42.81663235567539,-1.1577130420652006,-79.56228851372644,142.04696327035296,-109.61942665475263,-146.80975180518948,3.201015563388597,-88.53087865818097,-95.00865863689626,-99.9936078735933,Tree
-177.4419643308547,-113.37392976645256,23.37931245422519,2.5580356691453128,-60.583761679512094,163.9169532238132,-103.05080543793856,-144.60228995952158,6.363155707485831,-82.48607927395624,-98.50000621230005,-97.9747171832166,Tree
177.82610327189906,-108.23342093701694,33.828974396086274,-2.1738967281009693,-69.3117210208345,146.85746325830218,-105.48781697689027,-146.55184548103767,2.5465929768401203,-84.69674395253546,-90.54426488871071,-101.51769384132142,Tree
178.84427257961673,-117.06509556194912,18.275068550427388,-1.1557274203832868,-64.37287972317144,166.97326841235184,-99.11075651088142,-81.43721219475897,-78.87812039117597,-77.06217664936827,-36.044189537937086,-174.9683066836315,Tree
-178.5492281561486,96.6828776005652,67.84725659093841,1.4507718438514354,91.07429092755608,117.159657801123,-104.57513789038532,-149.93815319621123,-2.767844540323589,-86.95269239602808,-93.89698841987403,-98.35494889726426,Tree
179.52415233365485,106.4205490731255,50.963435761986396,-0.47584766634515413,75.70350541796162,126.92164377496279,-98.38864950264997,-85.42896751969818,-79.67226008381581,-79.63191954962485,-32.062611574939226,178.96727123650393,Tree
-177.1603106927507,-109.8614611252995,15.494520016337397,2.8396893072493223,-61.60347398288098,170.47334568178465,-96.64006940940996,-85.34655556811087,-76.32462347064929,-76.64366694946821,-28.457728378035466,177.32685338159155,Tree
-174.7065182479116,97.21331359338677,70.1426481407704,5.293481752088412,91.04100666379735,114.36389979577375,-95.82070568254079,-84.02021539961723,-81.9372874287266,-77.40068094936811,-24.780109418955128,-173.69352666876384,Tree
-179.54306631264237,-110.61885462614843,13.483721508456474,0.45693368735764095,-62.60642384328435,169.6377474443444,-98.15522451270542,-80.72941961229513,-81.78666269030222,-76.65086438353289,-28.15259259841948,-179.02495551871493,Tree
-178.07232452032977,-103.07639040580723,37.15547695185241,1.9276754796702256,-76.63019141108109,141.7348472727742,-103.3437119019088,-142.05424786137718,12.75558371980079,-81.42855101909397,-97.86648666173068,-98.59385474699576,Tree
-178.84652603608652,134.24172427897133,101.70609154553408,1.1534739639134917,51.228416892196044,77.72263979128296,-97.77119020847921,-79.25785381580944,-84.01989275064837,-78.87561499015148,-40.261861953831755,157.004931148488,Tree
-179.66045074080657,99.11487610008531,58.89029249381471,0.3395492591934291,85.00153440688851,117.66762903029979,-106.02071457789803,-142.5936465497672,12.551013559459935,-86.12291426330553,-95.15002859791342,-99.08936472350629,Tree
-177.93160163055828,93.5823567478009,67.69104457728118,2.0683983694417467,90.76460482137412,114.88157427372776,-105.96019483432586,-156.49821320388529,-1.234078967041923,-85.81285730445235,-102.61534403148127,-99.2190009489659,Tree
-179.66064721480566,106.73141629641964,90.14366930763724,0.33935278519433965,72.12624696700368,84.7635225663954,-104.93590130168407,-147.15890922458166,4.453193881673451,-85.02809028832522,-93.13739645961576,-97.39520467303898,Tree
176.64285929908263,99.5012587395443,56.67679644358429,-3.357140700917373,77.13302918283122,118.01541077207011,-106.4429876273011,-148.90692707289594,-0.5145811366780367,-87.16961096377558,-95.97837281480871,-98.34827576191482,Tree
-176.31005515224194,100.11944326754549,92.7902593398158,3.6899448477580714,81.29493273275688,89.19582981843243,-101.97158298308423,-146.60943582304034,9.254965987133268,-82.79069300875183,-99.67352287432053,-98.95392074411825,Tree
177.8161859327795,-106.58945556262461,30.025210155713165,-2.1838140672205073,-74.91844898558544,151.68612570360753,-106.0624894406268,-145.83107079574148,8.7114390217067,-85.56219095457372,-93.76221712937819,-101.7865721120201,Tree
-178.04520100379204,93.52482755944472,66.6362089368799,1.9547989962079837,89.2875101645713,118.1167667875839,-106.24876738466642,-154.7552650782601,-3.2150844542328927,-87.51117440849964,-99.83130198929301,-100.77346995354237,Tree
179.83271094523568,96.60453630783613,67.20872716980453,-0.1672890547643212,86.3932126672838,114.09431039799878,-102.9771828575921,-136.01333270809278,-16.29937412490942,-84.55091345731306,-95.09648477907153,-93.85706323467977,Tree
-177.7692672710847,135.52419786326763,117.88530184143812,2.230732728915324,59.43638735066752,65.59155461571353,-99.60926007251831,-111.99838950736212,-54.429738318743304,-81.67724014732887,-86.80492124383072,-100.58319534928388,Tree
-177.40537631656102,-109.28272194489999,18.88435744067003,2.594623683439007,-61.51702073024621,168.50582386434948,-97.204653540209,-84.8029586815629,-75.87305246636753,-76.47759216093765,-29.042403104554666,178.56379940641597,Tree
-179.4652637320583,-116.74953962330206,12.899140075738712,0.534736267941711,-58.166084648816735,171.43559069062076,-103.96342687705382,-149.50090746875694,-7.634721204299141,-85.07871686319623,-93.44116406957068,-97.60043257441811,Tree
178.84427257961673,-117.06509556194912,18.275068550427388,-1.1557274203832868,-64.37287972317144,166.97326841235184,-99.11075651088142,-81.43721219475897,-78.87812039117597,-77.06217664936827,-36.044189537937086,-174.9683066836315,Tree
176.10844560468198,124.12861316314189,115.63949386666854,-3.8915543953180345,47.320649632401796,49.583018434683034,-96.03352847560363,-77.04887714926096,-85.03331732291949,-78.95506235936034,-30.033488352883772,176.02340858544176,Tree
176.53094044774357,-100.00720588313719,43.41111703901666,-3.469059552256429,-78.5455086405683,133.74704192294922,-104.49897357560171,-145.26026833567371,9.419186329167525,-83.46731327051748,-93.20520628455814,-100.6469521706375,Tree
178.77750954526624,-104.15568612795903,27.774588561442698,-1.2224904547337674,-67.24180192764344,158.26232446558723,-97.88568685801792,-79.6313190783217,-80.7563109691649,-76.58037076646897,-34.991198835861056,-174.4023779980767,Tree
-177.4419643308547,-113.37392976645256,23.37931245422519,2.5580356691453128,-60.583761679512094,163.9169532238132,-103.05080543793856,-144.60228995952158,6.363155707485831,-82.48607927395624,-98.50000621230005,-97.9747171832166,Tree
-177.35173880274078,101.02918972491749,90.65551761090387,2.6482611972592047,78.15025661604277,85.81657041441282,-101.57358448918269,-145.18707677915143,6.230447732476198,-83.64585724700014,-99.75676117339593,-98.13451846682734,Tree
177.88119511854046,107.08947041860444,55.679378689426215,-2.1188048814595435,72.7352493813368,125.52134280411643,-103.53831276943225,-132.01715940052904,19.529539062583964,-85.09367169531727,-98.77100010279868,-98.722981395378,Tree
-179.66064721480566,106.73141629641964,90.14366930763724,0.33935278519433965,72.12624696700368,84.7635225663954,-104.93590130168407,-147.15890922458166,4.453193881673451,-85.02809028832522,-93.13739645961576,-97.39520467303898,Tree
-178.8538971501303,-121.50752041365278,9.554265661534204,1.1461028498696961,-58.91570918875969,166.9599973213734,-98.71938256575984,-80.66983243284386,-80.54109496574084,-77.67356761594766,-21.352998739336783,-174.5291399015854,Tree
-175.94882411161458,98.54816136727621,96.94110685194094,4.051175888385435,85.13841370179131,84.8335748705717,-100.02903813601321,-78.67586424676914,-82.62700097097238,-82.83578567798607,-33.59771058253221,-167.045928648,Tree
-173.3176559577436,95.96452685512052,65.66084894382891,6.682344042256403,87.7890600064664,116.7616087198723,-98.80730481361954,-82.10300121991162,-81.51601612687539,-79.50640742853491,-39.532739858278504,168.48729754549962,Tree
178.95309807783832,107.59774507996597,96.7310389650113,-1.046901922161676,68.59516106025309,77.79955993772687,-98.1753773119548,-81.14945697324441,-83.33951993242403,-79.8138343423534,-33.504133111851026,168.89656523968466,Tree
-178.9960230376409,-106.87020205929734,22.707926930802255,1.0039769623590866,-73.78580253886504,151.5870494547768,-105.05233400588055,-147.61886415342707,-1.5038346828741311,-85.5665474352727,-97.7957083491873,-95.65625213289057,Tree
-178.03089367197225,-122.18734743165903,12.417971287011786,1.9691063280277707,-59.9238228237989,172.40848489415174,-103.43478622763405,-145.23517132670548,6.256998444005556,-82.59659037980852,-94.45826609527603,-99.49964782042056,Tree
-179.54306631264237,-110.61885462614843,13.483721508456474,0.45693368735764095,-62.60642384328435,169.6377474443444,-98.15522451270542,-80.72941961229513,-81.78666269030222,-76.65086438353289,-28.15259259841948,-179.02495551871493,Tree
-179.66045074080657,99.11487610008531,58.89029249381471,0.3395492591934291,85.00153440688851,117.66762903029979,-106.02071457789803,-142.5936465497672,12.551013559459935,-86.12291426330553,-95.15002859791342,-99.08936472350629,Tree
-174.99460152856844,114.40729899115382,49.230793705605365,5.005398471431554,72.0170033196443,137.23456858518,-100.92416989145423,-145.7547730179091,-22.637806182956925,-83.50332983368794,-96.69165148357447,-96.41863167945739,Tree
-176.73645694159043,97.43222284771139,69.66137511013251,3.2635430584095535,93.09466151852918,114.55661032509516,-96.25295650899193,-83.73852434327357,-81.49577640601281,-77.43605623637055,-26.983776537201177,-175.01836890670253,Tree
178.03024932658383,-120.68982560472035,16.681781041830376,-1.9697506734161847,-64.94153630540761,165.30924713205494,-103.98039278778471,-135.36040584653998,-46.66634569072631,-82.95176772923466,-98.6397102285354,-96.5285901967301,Tree
-176.94302683288788,99.077879212824,70.17236035435555,3.056973167112128,92.45852462474824,116.6556653141597,-100.52034123771529,-146.28635175121127,11.974951081282965,-82.20813634389431,-97.08874492262309,-92.61231021214377,Tree
179.96764835520023,-120.70610739914228,0.9265696064415743,-0.03235164479976499,-56.42550459798557,178.4682869396898,-102.83679931412765,-149.8594882237577,4.988751284498384,-81.75929248285948,-96.15230256963082,-101.69408591559457,Tree
176.31731542876372,-109.29998385370273,17.887628101087994,-3.6826845712362855,-71.11512611693152,160.35089488241513,-105.46244968776746,-160.39883686392517,-14.491489306957023,-85.22361856381114,-95.75327296841857,-102.86838654972851,Tree
179.7432474538257,92.4889169854278,70.79867971063942,-0.25675254617431775,85.22409114427735,113.14092608197983,-97.35811110145278,-80.64428537100923,-83.81936596249973,-78.92604291544107,-26.493906854668097,-177.53416529653373,Tree
0.4431364341354748,104.3582155914112,104.88166927565273,-179.55686356586455,81.28115588885791,67.16596012889629,-78.67628891061626,-30.0474872205065,-163.99109376222984,-91.84994521928557,-83.96637243924106,-86.45472637556298,Tree
-178.6854262337604,-104.17788201783081,33.26490600071889,1.3145737662396213,-63.252123618076816,155.12137569548193,-104.15117967707386,-150.2897510543934,-5.389863985399227,-83.80869262621901,-96.59730166042701,-101.16029098356492,Tree
-178.04520100379204,93.52482755944472,66.6362089368799,1.9547989962079837,89.2875101645713,118.1167667875839,-106.24876738466642,-154.7552650782601,-3.2150844542328927,-87.51117440849964,-99.83130198929301,-100.77346995354237,Tree
-178.5492281561486,96.6828776005652,67.84725659093841,1.4507718438514354,91.07429092755608,117.159657801123,-104.57513789038532,-149.93815319621123,-2.767844540323589,-86.95269239602808,-93.89698841987403,-98.35494889726426,Tree
-179.63247334027835,97.85243806198703,65.36690846507771,0.3675266597216655,81.74584340915071,118.59400217047313,-102.9780956003529,-154.19231982045602,-19.629125944032225,-82.89452256492679,-99.01261947256349,-97.89368810049393,Tree
-130.43538118622112,-86.40827439851957,-142.9578108152105,49.564618813778885,98.19565326901063,150.55102154285993,-80.69275559729356,-154.40307280981315,5.038547938649905,-62.474485270665824,-95.43317744638433,-103.46689661882029,Tree
-177.05816071196114,144.09206319119437,127.31706684999334,2.9418392880388766,43.699990758369474,53.53492019311453,-104.37086038564843,-161.26407294167413,-3.2757239597581655,-85.53695205146965,-99.33335658364004,-100.66369338276469,Tree
177.9250229676613,125.29275058382295,116.46226416466716,-2.0749770323387002,46.519077852215005,50.18726977465266,-96.26283691533426,-78.7136216290328,-83.99136357179856,-78.66014536778063,-33.137028900025584,177.913837656798,Tree
179.5612178169271,91.15248486990839,72.18479523308481,-0.438782183072909,82.37205531829756,116.03880529086082,-95.80548674161767,-77.89312244885913,-84.65483099613634,-76.94682484018917,-28.161313440037514,177.45363691626582,Tree
179.4721733387216,-107.06458365311467,36.38077570185691,-0.527826661278384,-81.50907754292855,147.00110451756598,-104.09526874349235,-143.3728804729527,7.060525507502631,-82.6816877309768,-89.95553326006996,-88.02361819861612,Tree
-178.03089367197225,-122.18734743165903,12.417971287011786,1.9691063280277707,-59.9238228237989,172.40848489415174,-103.43478622763405,-145.23517132670548,6.256998444005556,-82.59659037980852,-94.45826609527603,-99.49964782042056,Tree
179.7432474538257,92.4889169854278,70.79867971063942,-0.25675254617431775,85.22409114427735,113.14092608197983,-97.35811110145278,-80.64428537100923,-83.81936596249973,-78.92604291544107,-26.493906854668097,-177.53416529653373,Tree
179.5089700312408,101.48650690034307,93.4885372106745,-0.4910299687591928,78.70637354552274,82.87633056580837,-103.15389076607532,-140.7049767127164,-1.1530916319927262,-83.8374228631454,-96.89097787144865,-96.93446314264216,Tree
-179.8768174708966,-121.13799432264702,10.412642495484421,0.12318252910338993,-58.48679567547559,168.74784653201462,-98.30993219573568,-80.9209160843775,-80.29640804285206,-77.15040923616976,-21.295599341876223,-175.70006205777543,Tree
-179.55344482327337,105.79670843770704,50.34943556534061,0.44655517672664913,76.67406154120228,132.77821626192238,-96.95942784106752,-81.92686506082764,-82.13233244825106,-77.1490068916884,-37.40324878046546,170.779899753774,Tree
178.24645605927557,-112.6514760354897,23.207513015079165,-1.7535439407244335,-66.53907833177742,155.7689136229295,-106.19203201304892,-145.61520191224614,9.34522352276093,-84.82514670357791,-98.69525110557699,-99.1966865419285,Tree
-176.58948913216116,111.40007882459177,43.2776606210148,3.410510867838854,72.83270707641397,141.75198485499985,-96.43813522365575,-84.48360472616939,-74.87000051953358,-76.57829717230648,-31.75997421605746,-170.94802886562437,Tree
176.07738464126083,-122.43506091105694,16.163281224717643,-3.9226153587391597,-69.48554328317863,153.81295467105656,-109.1318964914154,-140.21236986983763,-33.62073826312673,-84.17920225776061,-96.74829460041984,-95.19786098756676,Tree
-173.3176559577436,95.96452685512052,65.66084894382891,6.682344042256403,87.7890600064664,116.7616087198723,-98.80730481361954,-82.10300121991162,-81.51601612687539,-79.50640742853491,-39.532739858278504,168.48729754549962,Tree
178.8308103771475,123.08892397749676,33.25343262620697,-1.1691896228525154,64.72343129353608,157.26924843270635,-100.63972060609842,-158.41038994584915,-4.209864322997098,-83.11936797304219,-98.55571759644013,65.72291046087992,Tree
-130.43538118622112,-86.40827439851957,-142.9578108152105,49.564618813778885,98.19565326901063,150.55102154285993,-80.69275559729356,-154.40307280981315,5.038547938649905,-62.474485270665824,-95.43317744638433,-103.46689661882029,Tree
-176.9014827399828,142.28898203035507,134.93824419484454,3.0985172600171937,30.315654840250534,44.048425212650486,-95.42522212282186,-80.80108792423115,-83.88697242625967,-74.91591486429436,-33.413089368187286,176.43379730511577,Tree
177.79918015878204,-111.3012386708153,22.630519458184533,-2.2008198412179563,-67.41168522650759,157.79486577037582,-105.41107970099691,-137.87022812345927,14.960286914056388,-84.00647162077449,-98.72949247678102,-98.62888639508645,Tree
-179.32253852855106,93.60338482794572,70.17674247527496,0.6774614714489381,86.68039333357295,113.64362925494056,-97.24056255412654,-81.49823525733905,-83.06508908596636,-78.62056717847975,-24.663333758089266,-179.99143184540642,Tree
-177.97833597392926,-119.69634160356976,-2.7032937733426996,2.0216640260707552,-64.56879582419386,179.78672197917624,-97.00958402936728,-83.93057435579391,-88.47502081434449,-82.56941162227174,-54.82205229727595,-121.16374335998236,Tree
-176.6147708086129,-98.99934353739563,47.84320219114213,3.3852291913871078,-78.13239184904124,142.43835204927956,-105.50537398207369,-146.6127533720248,7.227963124633766,-85.32169494608611,-96.50857628754511,-96.25892724958842,Tree
178.47568229023034,107.10848028879131,97.11996523136168,-1.5243177097696594,68.52157660365368,77.92856200057848,-97.86300505710084,-81.46932380800003,-82.60669460280253,-79.51984273145855,-32.804162004735566,173.6701288037393,Tree
179.6988693313542,-98.91511035243603,48.57095262377809,-0.3011306686458317,-72.31922067148271,139.79191205631065,-105.88787422830734,-142.67573751102913,10.458361837937721,-83.2910261555981,-97.91880080212049,-99.7548863224973,Tree
-179.93057596775722,84.20766934646558,74.02764496591759,0.06942403224277648,83.30903906906836,107.12530106325046,-95.23432170944876,-83.73143601503878,-82.5350928662231,-75.51970530984056,-34.273843906070894,166.3732231883559,Tree
-179.6416427496211,121.42547694911457,28.889471089254307,0.35835725037891925,65.7895401775041,161.96697887076758,-107.50972798654585,-148.7225500554165,-23.82239990862501,-87.88691857233447,-98.73627390939849,-97.19657255751295,Tree
-179.78772631933117,117.6373618909067,40.41260771382218,0.21227368066883387,68.99518625777003,148.02713706222184,-103.80951734240078,-146.59864472776505,-14.537718408370624,-87.31208750885423,-94.76022355878905,-97.41707131800823,Tree
179.38143060345715,-119.45740678784998,25.653898952212423,-0.6185693965428576,-58.705716544716495,158.86702324674943,-103.64004161289638,-146.40364166821507,-0.7733544080318917,-84.37411286395259,-90.53218791088528,-96.50798001174574,Tree
179.09637259525283,106.79697722112593,43.12345686915804,-0.903627404747175,64.62957375240558,135.46570584979722,-96.7433482762978,-82.23348889498108,-83.81090845690792,-76.4917440944816,-37.46510127063971,-141.61092247721183,Tree
179.70412022599498,97.30075116258924,64.244396424345,-0.29587977400504567,83.22766273981658,117.87738141229387,-102.76573306929124,-154.9725061477281,-20.576794367574877,-82.80554236451331,-99.69033562723017,-97.36477524990941,Tree
173.6028811999837,78.7230542624218,104.31038576850706,-6.3971188000163135,-101.60152561468819,161.08207800912132,-99.17617157445389,-85.59364755131325,-82.53114144122256,-79.31628846306256,-70.98758265822336,135.0484819762113,Tree
179.5519671117012,-121.26677134577169,16.93706114404063,-0.44803288829880467,-60.95553665680371,160.2444641070248,-104.61534443201187,-147.83807531079057,-2.9049334106191114,-84.09857885450056,-94.88981537889234,-100.28521651423299,Tree
-176.39423698038797,-114.87674823498604,17.430847242215865,3.6057630196120383,-59.13441347693915,168.62912696200593,-103.57869069175209,-150.09137578510013,-45.02935274766608,-82.62548143185919,-98.35279586516859,-102.60917538632872,Tree
-170.94645973613254,88.74530701864916,80.16159382989824,9.053540263867468,94.35505968136363,107.26004866226882,-89.56800644740332,-86.20435749998376,-86.44676333318179,-75.32504630969665,-31.049856776671415,171.77410082571438,Tree
-179.78772631933117,117.6373618909067,40.41260771382218,0.21227368066883387,68.99518625777003,148.02713706222184,-103.80951734240078,-146.59864472776505,-14.537718408370624,-87.31208750885423,-94.76022355878905,-97.41707131800823,Tree
-173.3176559577436,95.96452685512052,65.66084894382891,6.682344042256403,87.7890600064664,116.7616087198723,-98.80730481361954,-82.10300121991162,-81.51601612687539,-79.50640742853491,-39.532739858278504,168.48729754549962,Tree
-176.9014827399828,142.28898203035507,134.93824419484454,3.0985172600171937,30.315654840250534,44.048425212650486,-95.42522212282186,-80.80108792423115,-83.88697242625967,-74.91591486429436,-33.413089368187286,176.43379730511577,Tree
179.5519671117012,-121.26677134577169,16.93706114404063,-0.44803288829880467,-60.95553665680371,160.2444641070248,-104.61534443201187,-147.83807531079057,-2.9049334106191114,-84.09857885450056,-94.88981537889234,-100.28521651423299,Tree
-176.27282330405643,92.33762299575221,92.453774351465,3.7271766959435775,91.77939647568866,94.90598042406013,-92.60434279779606,-83.02436695798077,-80.77872566988694,-73.76581323138713,-36.519897640199964,172.88674300224022,Tree
-172.8616838299182,90.87434960308018,78.38640742721714,7.138316170081785,95.15435878090351,104.59548687152287,-100.24890644412811,-144.58816942465012,12.5548562811965,-83.28361676696703,-95.95959786735509,-95.60522900952867,Tree
173.6028811999837,78.7230542624218,104.31038576850706,-6.3971188000163135,-101.60152561468819,161.08207800912132,-99.17617157445389,-85.59364755131325,-82.53114144122256,-79.31628846306256,-70.98758265822336,135.0484819762113,Tree
-175.2958594985296,90.93489275626142,74.89866167581273,4.704140501470409,94.01742168444639,106.47526301967632,-104.70567593852557,-154.86769845494499,-9.593296687263912,-87.38870932041881,-97.38700368257444,-99.80380947748623,Tree
-179.32253852855106,93.60338482794572,70.17674247527496,0.6774614714489381,86.68039333357295,113.64362925494056,-97.24056255412654,-81.49823525733905,-83.06508908596636,-78.62056717847975,-24.663333758089266,-179.99143184540642,Tree
-177.97833597392926,-119.69634160356976,-2.7032937733426996,2.0216640260707552,-64.56879582419386,179.78672197917624,-97.00958402936728,-83.93057435579391,-88.47502081434449,-82.56941162227174,-54.82205229727595,-121.16374335998236,Tree
177.79918015878204,-111.3012386708153,22.630519458184533,-2.2008198412179563,-67.41168522650759,157.79486577037582,-105.41107970099691,-137.87022812345927,14.960286914056388,-84.00647162077449,-98.72949247678102,-98.62888639508645,Tree
-177.7692672710847,135.52419786326763,117.88530184143812,2.230732728915324,59.43638735066752,65.59155461571353,-99.60926007251831,-111.99838950736212,-54.429738318743304,-81.67724014732887,-86.80492124383072,-100.58319534928388,Tree
-176.6147708086129,-98.99934353739563,47.84320219114213,3.3852291913871078,-78.13239184904124,142.43835204927956,-105.50537398207369,-146.6127533720248,7.227963124633766,-85.32169494608611,-96.50857628754511,-96.25892724958842,Tree
178.47568229023034,107.10848028879131,97.11996523136168,-1.5243177097696594,68.52157660365368,77.92856200057848,-97.86300505710084,-81.46932380800003,-82.60669460280253,-79.51984273145855,-32.804162004735566,173.6701288037393,Tree
176.07738464126083,-122.43506091105694,16.163281224717643,-3.9226153587391597,-69.48554328317863,153.81295467105656,-109.1318964914154,-140.21236986983763,-33.62073826312673,-84.17920225776061,-96.74829460041984,-95.19786098756676,Tree
-179.93057596775722,84.20766934646558,74.02764496591759,0.06942403224277648,83.30903906906836,107.12530106325046,-95.23432170944876,-83.73143601503878,-82.5350928662231,-75.51970530984056,-34.273843906070894,166.3732231883559,Tree
-179.6416427496211,121.42547694911457,28.889471089254307,0.35835725037891925,65.7895401775041,161.96697887076758,-107.50972798654585,-148.7225500554165,-23.82239990862501,-87.88691857233447,-98.73627390939849,-97.19657255751295,Tree
179.41616973444613,98.71654687151992,62.02453852227633,-0.583830265553873,76.08960097601792,115.39606224106747,-100.66668768973129,-151.38727399459844,5.3768036424845596,-82.55864352360537,-94.8942017363807,-91.08450667752288,Tree
177.97737072018438,-99.70654581103733,43.868841499013925,-2.022629279815632,-79.98386201184263,135.29414165702192,-103.85401681118117,-147.00764903840712,8.072246800975037,-83.24069843392242,-94.63491514526501,-99.55768330623731,Tree
-171.52310677704247,102.32356431524121,85.57648103569966,8.476893222957546,83.54323958903315,95.2825325752064,-99.686036225827,-143.5801805531781,3.618292917345896,-81.49240927909567,-96.39241949132115,-97.85362800057442,Tree
179.8986102458354,97.01870373866093,61.413126579346496,-0.10138975416459171,84.42251642448736,115.87713559986476,-104.7098437937193,-145.3987483516576,7.628966169233448,-85.57592264002072,-96.84177342867667,-99.9717658995469,Tree
174.73557680962674,-117.76182211267341,10.423924331823226,-5.264423190373262,-65.58167943603837,161.86647661016875,-105.9256916125605,-152.52492347829536,-1.8987142226968612,-84.76807452409535,-102.22863222569157,-95.56050720819826,Tree
-0.8031932164964101,93.88903320420141,118.16301487829777,179.1968067835036,89.39580737095432,69.07341648099468,-83.34961123752664,-94.7284030316467,-94.3867420122327,-97.16504231608934,-161.69763710376859,-18.925228097299684,Tree
-179.04742747266818,-173.5780633597298,177.51771478718075,0.9525725273318317,-2.870171473960517,5.963780124591439,-95.5512863352029,-81.95548100911157,-81.63092460950755,-74.11450107228772,-25.635340022577168,-162.87733983168098,Tree
-16.63994540370287,83.80318033206952,84.29146160224333,163.36005459629715,83.61784747123876,86.10329838476169,-86.54958792687171,-24.033554547615662,-159.72067785943582,-85.94248996931887,-93.50161368445757,-92.47795939137615,Tree
-176.65815141305495,91.46067483154803,70.10156436727361,3.341848586945063,91.70688783039085,105.01917108505296,-96.05999710819484,-84.42124166796644,-84.88954085184407,-75.47695707999836,-36.91764137907417,179.86329613711084,Tree
178.43550661182766,-104.6497542582294,41.59383572669667,-1.5644933881723304,-74.85766552795653,139.31796258858034,-99.43920051185174,-92.68985657240579,57.4043365881548,-77.4203153799673,-94.96150233477015,-99.70993124052181,Tree
176.44278663311658,104.75686829508172,55.296611004051556,-3.5572133668834214,77.92134643692565,123.76726555011373,-102.50928022096929,-143.6457741902533,-28.69117156332923,-84.29457307019024,-95.86887924635028,-100.76349539822242,Tree
-177.05816071196114,144.09206319119437,127.31706684999334,2.9418392880388766,43.699990758369474,53.53492019311453,-104.37086038564843,-161.26407294167413,-3.2757239597581655,-85.53695205146965,-99.33335658364004,-100.66369338276469,Tree
-178.27136775462358,91.9762339649561,79.76329834529656,1.7286322453764178,90.03262815892191,98.73711187411199,-100.03937174935817,-88.65116319823821,-87.58126450949237,-81.58691489822402,-90.41874370933216,-88.82996598692509,Tree
-1.8608458939998356,99.18976999326786,106.43493642674481,178.13915410600018,93.0527928841585,70.548233214849,-89.21757396853528,-96.48238405828107,-94.26176442773638,-103.64857648502576,-154.67539386259838,-0.4640802879765057,Tree
174.0178404513879,-97.0674091377985,46.51977934484972,-5.9821595486121035,-78.32961455338422,126.94701694895673,-104.20354127382164,-153.7788362138315,-13.636449872802372,-83.39791154771028,-99.28274639656155,-98.08115631598038,Tree
2.1559680004717845,-75.86264241241928,-165.18646593035007,-177.84403199952823,-125.90466546175507,-19.241749200804364,-79.14993310382334,-26.673958473251037,-167.5739388736531,-95.09251724759922,-81.0436211733712,-83.78712344540547,Tree
-127.94761244721357,-88.689767965625,-138.90666951893886,52.05238755278644,97.3847651894864,147.34796064358127,-81.04826109865334,-150.00821161089692,0.07242887658703895,-61.38257413006056,-93.99211368256167,-101.74752447428861,Tree
-178.27136775462358,91.9762339649561,79.76329834529656,1.7286322453764178,90.03262815892191,98.73711187411199,-100.03937174935817,-88.65116319823821,-87.58126450949237,-81.58691489822402,-90.41874370933216,-88.82996598692509,Tree
-177.05816071196114,144.09206319119437,127.31706684999334,2.9418392880388766,43.699990758369474,53.53492019311453,-104.37086038564843,-161.26407294167413,-3.2757239597581655,-85.53695205146965,-99.33335658364004,-100.66369338276469,Tree
-176.65815141305495,91.46067483154803,70.10156436727361,3.341848586945063,91.70688783039085,105.01917108505296,-96.05999710819484,-84.42124166796644,-84.88954085184407,-75.47695707999836,-36.91764137907417,179.86329613711084,Tree
178.43550661182766,-104.6497542582294,41.59383572669667,-1.5644933881723304,-74.85766552795653,139.31796258858034,-99.43920051185174,-92.68985657240579,57.4043365881548,-77.4203153799673,-94.96150233477015,-99.70993124052181,Tree
178.78818722245677,103.70750407911325,57.47610005015315,-1.2118127775432408,84.95407343087993,125.61343642037757,-105.86901994920802,-145.90424981339186,11.03561858718231,-86.90110595388552,-96.32917467436921,-97.52367326882035,Tree
178.25691419497505,134.31929418525928,118.7102237446487,-1.7430858050249602,38.70483802662778,58.72524540553623,-104.57267204900113,-118.11230844952199,36.721298644032146,-82.68179259937762,-103.11621943485022,-91.8808467808353,Tree
179.66089891011666,-96.44915080190141,40.38224777117827,-0.3391010898833715,-82.40531012896045,146.95641975842167,-102.0359159991207,-141.96545221504343,-24.1190735775031,-80.96133163710451,-92.64838878083717,-91.10082412893715,Tree
-16.63994540370287,83.80318033206952,84.29146160224333,163.36005459629715,83.61784747123876,86.10329838476169,-86.54958792687171,-24.033554547615662,-159.72067785943582,-85.94248996931887,-93.50161368445757,-92.47795939137615,Tree
-179.65805877889588,76.31484662212833,75.8931761260551,0.3419412211041302,80.20339270242954,109.06491019998431,-103.5538836912494,-149.51289189493104,6.201031554581239,-85.83405853445974,-103.98166158927961,-104.37814680695877,Tree
-175.2958594985296,90.93489275626142,74.89866167581273,4.704140501470409,94.01742168444639,106.47526301967632,-104.70567593852557,-154.86769845494499,-9.593296687263912,-87.38870932041881,-97.38700368257444,-99.80380947748623,Tree
177.88119511854046,107.08947041860444,55.679378689426215,-2.1188048814595435,72.7352493813368,125.52134280411643,-103.53831276943225,-132.01715940052904,19.529539062583964,-85.09367169531727,-98.77100010279868,-98.722981395378,Tree
179.6687372099914,-104.93936833723289,45.218916435418265,-0.33126279000859143,-81.36150296173558,138.20533562209818,-102.85521599808871,-116.31236110788863,-54.17507760225271,-82.79889838303745,-93.89430295872017,-100.5526158962939,Tree
-179.7751302376362,-97.10624559969163,-106.12040235583468,0.22486976236380465,-85.68911841602313,-71.20557335006579,-100.58838053371205,-84.15671273195174,-86.21427533339498,-79.65253989571994,-93.7515651692277,-93.2949545436337,Tree
-177.10673000341427,99.79060475159268,68.67435908646551,2.8932699965857323,93.30009125796013,116.44054260852572,-101.08996250117136,-146.86723245292646,10.476132712180636,-82.73087532566167,-96.92347073550548,-92.59769634013033,Tree
177.37123478055904,-102.08458801077103,44.85623599823666,-2.6287652194409583,-85.36136630147254,136.4523269677298,-109.16501663985298,-146.32280167019735,1.6279608387023397,-86.59952248519497,-99.34526542572905,-95.46112869922237,Tree
-179.74165779560505,-107.51330974340657,40.79402101153679,0.25834220439495287,-77.65180805333337,135.57747907459844,-95.54558972103514,-86.08038094697227,-81.99534947485756,-73.93064154255808,-22.035156964545024,-171.4193520741366,Tree
179.96764835520023,-120.70610739914228,0.9265696064415743,-0.03235164479976499,-56.42550459798557,178.4682869396898,-102.83679931412765,-149.8594882237577,4.988751284498384,-81.75929248285948,-96.15230256963082,-101.69408591559457,Tree
89.76671485588663,91.23232140714606,81.63520316392933,-90.23328514411337,-76.25983950374322,-66.30522667782571,172.71860974631932,148.0847437728554,-58.76191238431284,-169.9463319642226,-143.13511181130966,-125.76035143398298,Tree
178.10316937532886,-126.91096846801118,6.936927255241044,-1.8968306246711413,-53.708601895476015,172.06797238618836,-105.5615195878461,-154.71473910832884,-25.444009491937486,-85.94536085851502,-96.38497522695548,-94.57588778609647,Tree
-179.65999152481893,-85.62129759462341,-50.192757281577755,0.34000847518107286,-89.09117377665336,-95.44310369512631,-101.7294012794882,-122.52895590632951,28.77460529603521,-79.67909116275077,-98.00479561607062,-101.39523979362244,Tree
-173.82552736901724,91.04171241308555,78.379238303515,6.174472630982758,94.2357935063334,103.01050841321414,-100.10679807696981,-144.66180342035727,12.938705045119026,-83.74797660507059,-94.84576794357281,-95.4175633881058,Tree
164.3000271878004,97.68791128073107,90.69094829616063,-15.699972812199624,-106.37160809408711,-114.88811089747891,-99.71297357819458,-80.32865643223296,-86.11182438095643,-80.34119276144366,-68.70956556900418,138.74880330984766,Tree
-5.1680226416552,92.14903361834605,102.5307429052388,174.8319773583448,92.4605481876077,71.26023522598253,-83.69191658449809,-109.55027049119931,-80.59385366666584,-93.51152339862203,-153.70572980606687,-49.36973386307631,Tree
179.74888857615932,-101.8287134248701,36.54779507406115,-0.25111142384068796,-86.00223573803991,138.18758524139048,-107.89146793016127,-150.79578911375998,-0.31583632521795196,-87.0753688086829,-100.96300293404703,-95.29564753266084,Tree
-173.9095250757278,-177.056099766881,-175.46018596740805,6.090474924272204,41.50469884265554,61.57930677893298,-108.20581034326736,-96.39210344200073,-92.05007701279845,-85.73665977770816,-98.85424059726462,-96.14964812648286,Tree
-0.5563829666668252,90.75188518247558,102.6842896277546,179.4436170333332,85.9101001564306,73.5554738490784,-78.56597954823457,-32.632008167152364,-175.29558759040225,-94.74545840370865,-81.80442691532932,-79.24408984212194,Tree
-178.176381514012,-105.94215672442355,142.78244274883832,1.823618485987982,-64.15822194674743,-79.71477360886696,-95.05850868298494,-82.56755334463041,-80.05007769481007,-73.58569584412894,-22.366484651063576,-173.63762217875987,Tree
-178.87959500256827,-112.4984274085247,60.34970162531342,1.1204049974317556,-69.17396321687738,129.61270084621907,-102.56937400197594,-153.34584073009478,-3.078267258950829,-84.0413519952117,-97.21857235067893,-89.34535649716875,Tree
-178.53132546037048,-106.45271472171049,34.257712428942945,1.468674539629544,-77.50771680366753,139.4554321025316,-99.19637707542952,-114.42349401665888,-57.30062374365024,-78.39485915401063,-97.76132154647635,-99.32311158138819,Tree
-175.81529444736785,128.6425404959022,129.4882482061519,4.184705552632177,53.39914540001034,57.14501384963188,-98.6248569643072,-153.97495330525595,8.169352712999778,-86.96308780767082,-96.17922224219703,-95.53556546821144,Tree
-177.75725739400232,135.49791412739623,125.55190121387058,2.242742605997671,46.48040378559685,54.54085755405317,-103.48742508121687,-155.9455055312697,-2.6976587553675215,-81.74585017347964,-99.71659995621195,-96.86190226721759,Tree
174.62231079510548,103.81043122399183,62.31164668329615,-5.377689204894542,71.1944345696892,113.59062489133792,-101.70401080452581,-150.61243213247363,1.3663248714667575,-85.07292793410693,-94.84181171889736,-95.07440013253883,Tree
2.1559680004717845,-75.86264241241928,-165.18646593035007,-177.84403199952823,-125.90466546175507,-19.241749200804364,-79.14993310382334,-26.673958473251037,-167.5739388736531,-95.09251724759922,-81.0436211733712,-83.78712344540547,Tree
177.1312927992261,88.73494177328031,55.365566579936484,-2.8687072007739225,76.76692634918324,110.1683678816267,-98.13467749235204,-82.35328726944476,-85.59383597154995,-76.10475546341637,-33.58318199822919,-159.1104861622335,Tree
177.87520711723033,-120.0392569558903,7.712133211151663,-2.124792882769655,-69.41336385721235,169.13636350182733,-101.35006477618084,-85.94137564735374,-81.88562681214124,-80.46209334702162,-43.21678564612048,169.38070121201284,Tree
-178.47007813629853,-102.3874141284642,42.50538475033911,1.5299218637014824,-78.82589127213109,134.0877872110927,-97.2353770921613,-82.05879414153026,-78.14958463849091,-77.46597826936643,-30.33467459964355,-178.02643581131917,Tree
179.3440227980739,102.3712489019164,98.32934355153165,-0.6559772019261099,75.55991130622385,80.63983113772628,-102.74357495857099,-85.0560531600827,84.26244830887843,-87.97000641366563,-100.40705980064348,-97.58988383580821,Tree
176.7894370128972,101.86554981235211,54.11081386403432,-3.2105629871028145,71.07732761069536,121.80756122078681,-110.07640628501872,-164.6474107601339,-44.319457305498155,-90.48293669045916,-92.89655681216823,-96.9838572039659,Tree
178.22190444643823,-107.00145904543474,24.907706348739723,-1.7780955535617768,-79.007342544756,146.73293826248286,-96.74076104353061,-81.72779671809398,-83.48255773231575,-75.2937715160115,-35.31973522650721,175.2749254663602,Tree
178.54408047816742,97.40370499006852,55.2627668919354,-1.4559195218325762,79.70575075968496,117.35585681516761,-101.21621695167993,-88.70049371017167,-82.33777417683687,-83.06045364424199,-34.748303927392186,171.60366599683718,Tree
178.49870434913637,105.26018292149946,89.1292195768637,-1.5012956508636384,77.18777130162592,81.1391770098755,-103.41258165572913,-148.09318399744393,5.021115444708172,-85.38670405329245,-91.56331038891344,-103.99866276343825,Tree
-174.95256818359996,99.49789989570806,84.42404597680124,5.047431816400032,80.80178888440075,90.29960544012789,-97.37881975094845,-80.76620621304697,-83.57041062566658,-79.55142086895923,-50.92342819738243,-138.84871661908159,Tree
179.68603344298194,89.99185735312062,71.85778378493731,-0.3139665570180671,87.86704012599488,111.12122720857978,-102.08455676719086,-152.03553586213096,-8.5987127922062,-85.2686225376044,-94.08288803093383,-99.21208368845852,Tree
-179.84234924249034,81.92737564218713,73.1590536807666,0.15765075750968,92.35417637315481,101.34230128775982,-95.20315491388781,-82.31306527695791,-80.25267657435695,-76.21369032173496,-31.685899243195013,176.9296438342079,Tree
-177.59655338729584,-122.455763344916,26.2141689727956,2.4034466127041734,-54.45123430871804,160.55545403190152,-104.07627058186449,-146.13170534604927,-1.3848420285626724,-82.60509322209519,-95.8889662683807,-98.28260064193208,Tree
-178.20118349299258,-100.73075582546932,43.479810014855794,1.7988165070074458,-78.17601715204766,144.90571122497175,-102.09525222287823,-126.96553202100195,27.789038810213228,-82.69722267774002,-99.75056733581935,-100.7428561594568,Tree
-178.67577871169712,110.67380203263679,38.79938831353385,1.324221288302879,76.28421227930184,138.73282554478774,-101.812319396579,-149.73139723418024,-20.7358886143145,-83.55564120814813,-98.0018616493444,-90.83556263338077,Tree
-176.83401541197705,93.27431187547839,67.0951423754066,3.165984588022964,88.65976360425395,117.94202726780397,-106.18506069528743,-154.95751345459786,-4.910307495994388,-87.2916760241558,-100.1726866970842,-100.19446640589449,Tree
-179.6859967513863,92.9948429395066,67.48528117134195,0.3140032486136877,88.68367589296115,117.53775374743866,-96.36241201320476,-77.98509977269667,-82.89999802881078,-76.75695117040121,-32.77836291210315,171.30981613157007,Tree
175.4517305747789,-111.28518409364074,17.874695114547322,-4.548269425221103,-66.7716450129478,158.99119642349567,-106.71892313514395,-155.1850060179272,-13.76971814496975,-84.8945685845755,-96.8832883948575,-100.4331986330765,Tree
173.6810511777812,-97.78392573270166,46.15741012303149,-6.3189488222188155,-80.50840743972148,123.69895748110179,-104.9526926312612,-154.18333337388597,-12.297230575989314,-84.79896149231503,-100.39722151613846,-96.69613477092666,Tree
179.46410286311624,-94.55008267410922,50.22786961347558,-0.5358971368837674,-85.98817183690399,135.3937344957234,-103.19903955327021,-121.20329620790517,29.751527300384282,-84.18611200423057,-97.29388248692962,-98.98173798459221,Tree
-177.87612423901612,88.96619445140881,70.69361632399378,2.1238757609839034,90.64565786556193,107.74809345008359,-97.80508143869068,-84.86230203747832,-77.3890068859075,-78.81227609513745,-39.371143031306374,164.64819489826235,Tree
-179.49731840208486,-109.41559005183994,29.501743420308973,0.5026815979151452,-76.62337734163593,148.53221912346112,-98.3431547075254,-79.50335083085892,-81.56693663567992,-75.67011982714456,-19.184085460236346,-168.40052565056695,Tree
-178.3169356467536,104.33738004051314,60.6429679918967,1.6830643532463985,77.30032735633877,120.17174022473313,-104.60624274388123,-134.06915858527256,-18.517737058446407,-84.96145175030553,-95.04910009213627,-93.18782467401122,Tree
-173.06957582099025,90.35227756062751,76.04995614635114,6.930424179009773,95.32113937255153,107.27471509097371,-103.3736135140874,-145.5884783734188,14.674094539507252,-83.69509163315458,-96.29520845753386,-99.54719737963028,Tree
-175.99361805897746,97.65948264697795,71.32803834386614,4.006381941022548,88.91372273910474,121.13933169371656,-100.29172199671973,-146.32717978188302,-8.465782370024039,-81.36601820970287,-94.14451106055341,-96.94191083639964,Tree
-179.80394726909446,99.4041855921809,57.42631333240526,0.19605273090555278,83.78555621769978,116.41211398929674,-97.17942933571372,-85.70964465668573,-77.55241199583065,-79.28237972115605,-35.413719602407326,158.44276461669273,Tree
177.32061434160764,86.53743835047867,72.63750193406189,-2.679385658392381,93.2061940985471,105.25228970474471,-98.42267565122508,-85.08136889551893,-79.84924952486709,-80.05205615866183,-30.674972888127293,-176.0132322155555,Tree
-178.90030243118565,-121.86421376543534,7.69624235922217,1.0996975688143449,-58.87340376810314,167.19437447560296,-97.94828693295753,-81.55976589216885,-80.46042017583522,-76.88425563944465,-21.336873343107627,-174.43283140674643,Tree
178.78818722245677,103.70750407911325,57.47610005015315,-1.2118127775432408,84.95407343087993,125.61343642037757,-105.86901994920802,-145.90424981339186,11.03561858718231,-86.90110595388552,-96.32917467436921,-97.52367326882035,Tree
179.99884286758908,104.69189527444372,51.30862014349559,-0.0011571324109219067,73.86253373597332,127.26779332978823,-98.18807537551771,-84.97440716146215,-79.23667121798056,-79.26673541901327,-30.760021983330706,179.3047786071312,Tree
-177.79917762554018,-102.87855362644335,37.03211137368223,2.200822374459814,-76.65340727020589,141.89377312725634,-103.51450336936087,-141.88030442531166,12.901023200871819,-81.41053936466751,-98.28527629726166,-98.53190736006911,Tree
-179.62822920515868,-117.15487526598733,15.338407133897407,0.37177079484134135,-59.49131102574399,170.2969192322539,-96.97861893009913,-86.66888074111158,-76.07529734473569,-78.79434303047236,-38.72671829068234,174.31218731566338,Tree
-178.8619635373835,-171.23041093430177,-175.7994670859287,1.1380364626164896,-1.753179988651857,6.4871219431189076,-103.3422525112204,-142.5275607278448,-146.0997815438871,-80.28869853812527,-4.051120193541098,-89.91839855852876,Warrior2
171.91404020926592,176.27134541864552,175.04084884618982,-8.085959790734101,4.680338523838486,5.929336552530122,-106.05350965394545,-164.6739761848853,-92.56388930273906,-82.04820653959514,-38.31714507096492,-44.439108306591024,Warrior2
178.8648325795583,-177.8750863874066,175.52733022681923,-1.135167420441677,-9.193264704731288,-4.932624820864668,-99.75226776789764,-171.79587249484598,-90.51226266883491,-76.53277692408822,-36.79073274050425,-34.928884024824896,Warrior2
174.92138210164975,179.84674032788396,173.28929840538686,-5.078617898350256,6.355341369836108,5.287162578196557,-105.47560004256216,-160.9182517352727,-106.85604464764728,-83.37892245728091,-37.51664966653936,-43.05216089604772,Warrior2
-178.8305620587734,175.92550097837443,-179.9297571203463,1.1694379412266087,8.158912024197964,2.9266364765567463,-103.87273803853115,-133.5276713244609,-136.76719707510793,-82.8406630472441,-23.027207543737383,-78.79882235183956,Warrior2
176.7299448053611,178.0972217839917,173.5111845846064,-3.2700551946389105,5.708372310748538,3.878090511214904,-96.44238179144702,-160.97770243701683,-87.04011167651649,-72.03430541030255,-40.09791784594253,-47.294657478428405,Warrior2
176.5593716826979,179.78039696394399,173.68134094695063,-3.4406283173020986,3.8595367353767833,6.639519509395386,-99.98479995115214,-176.25777496829124,-94.85251862587879,-76.52362308031442,-35.84236682726922,-32.264569709687166,Warrior2
-179.98139739346652,178.04937249280366,172.61871140888792,0.01860260653349229,1.7586652236593454,-0.7244382371731548,-99.46089415676708,-166.85479071972122,-97.29552409845196,-76.38110728262944,-40.748661951101795,-44.01525244961949,Warrior2
-176.03541301956338,177.76385405826014,-175.60687385245208,3.9645869804366334,7.578532521594597,4.343596217338732,-102.12022797152753,-144.82278328271357,-146.47266526728495,-81.10601881402354,-6.8198265369924576,-88.85532671596305,Warrior2
1.7815551112738184,-0.7923308469173398,-0.39683404591802923,-178.2184448887262,173.27679226873263,173.96213898747024,-78.58087322884947,-19.62935787364916,-80.3404190825829,-99.65862915503821,-132.58419900085383,-141.01787973235145,Warrior2
178.8125753461706,175.41368452963093,172.6233995488536,-1.187424653829389,-1.9718822613585243,1.3956969118853908,-100.82833015597072,-175.06701297344543,-94.61879686219363,-80.1369685785878,-36.532068059223654,-33.69681931598597,Warrior2
170.96596683074392,164.10679018670126,164.6821249938053,-9.034033169256091,-1.6051710014250897,-0.2236214428464991,-103.53023061886354,-167.49738609937168,-95.86723649502105,-79.27555770919112,-39.79165986835828,-38.747162984126646,Warrior2
-177.04359158435966,170.3857758452573,170.541423822136,2.9564084156403525,11.68509797136027,0.6295820801938901,-96.56432204989258,-128.81676544150974,-137.49776594145305,-73.85782331284712,-33.418353094693245,-82.12199574121853,Warrior2
178.78110370568933,178.9122065148753,174.89478145463391,-1.218896294310699,1.582033763181146,-7.250512696675368,-99.22112905207368,-172.2693059727783,-89.47867977232367,-75.61941334731786,-32.639265769704515,-39.58551343567644,Warrior2
-178.4833514066344,-168.29457084961345,-175.81300407595268,1.5166485933656104,2.7951832341774994,8.59818994243514,-106.09910281811369,-145.72089589409418,-146.73403808282922,-82.87082223014664,-5.626961549858753,-94.85522199256735,Warrior2
176.2522386649219,176.5846266872111,174.72402598508742,-3.747761335078116,7.20183838638654,-1.3350683681138724,-101.57271101489316,-167.33021491165462,-98.23909771104158,-79.44786595886367,-39.19733368551849,-40.80093993269686,Warrior2
176.80224421268193,178.61982839871132,173.55750902382826,-3.1977557873180955,2.073890469390847,15.518628580437737,-105.78103415670702,-143.12764660299234,-152.25798177998908,-84.28628197773374,-3.108632122963746,-83.70216836990981,Warrior2
179.0188349786507,-179.04530080105468,179.08438575079055,-0.9811650213493105,2.295794704322263,1.6495199532702733,-104.05965603955346,-139.71361918842075,-143.06618859292257,-81.55360231079646,-8.935436060928089,-84.62576255328597,Warrior2
-1.143146017025231,-2.2366902528243213,7.569994761936662,178.85685398297477,-174.63549663961243,179.8640105220419,-82.19937796603584,-2.1707553387451,-82.13450251289034,-103.52191272395713,-143.8351730456892,-145.1409429380082,Warrior2
178.75927639381874,173.151340161673,170.9013640409833,-1.2407236061812719,-0.6055213574466632,5.946882807315896,-102.92186543654724,-145.45479128150302,-80.87597956043989,-80.1573628417594,-55.62812091625385,-45.54960593622071,Warrior2
-178.8305620587734,175.92550097837443,-179.9297571203463,1.1694379412266087,8.158912024197964,2.9266364765567463,-103.87273803853115,-133.5276713244609,-136.76719707510793,-82.8406630472441,-23.027207543737383,-78.79882235183956,Warrior2
1.7815551112738184,-0.7923308469173398,-0.39683404591802923,-178.2184448887262,173.27679226873263,173.96213898747024,-78.58087322884947,-19.62935787364916,-80.3404190825829,-99.65862915503821,-132.58419900085383,-141.01787973235145,Warrior2
178.78110370568933,178.9122065148753,174.89478145463391,-1.218896294310699,1.582033763181146,-7.250512696675368,-99.22112905207368,-172.2693059727783,-89.47867977232367,-75.61941334731786,-32.639265769704515,-39.58551343567644,Warrior2
-177.64147787309992,-173.6081729147426,-177.0067445897175,2.3585221269000924,-5.9918365088995555,-3.155876322874365,-85.42217960250241,-160.08585342510398,-91.0788005580904,-72.73895102763908,-52.026889831383684,-34.65579209879031,Warrior2
179.0188349786507,-179.04530080105468,179.08438575079055,-0.9811650213493105,2.295794704322263,1.6495199532702733,-104.05965603955346,-139.71361918842075,-143.06618859292257,-81.55360231079646,-8.935436060928089,-84.62576255328597,Warrior2
178.75927639381874,173.151340161673,170.9013640409833,-1.2407236061812719,-0.6055213574466632,5.946882807315896,-102.92186543654724,-145.45479128150302,-80.87597956043989,-80.1573628417594,-55.62812091625385,-45.54960593622071,Warrior2
178.99789847093695,-168.05640549509312,-179.48527091914085,-1.002101529063056,-3.403397939945641,2.7794272967538123,-102.21779464170166,-129.0511748661323,-134.7303243919446,-79.87660443011892,-24.96940594234671,-82.82452553325284,Warrior2
178.70348453390758,174.45012016279696,169.4894097413839,-1.2965154660924183,8.915758098441088,5.359959150131642,-105.33510637425611,-144.4206366614229,-152.1480156690169,-81.82276063867299,-6.67734812496862,-84.25850584205924,Warrior2
175.14031864278624,-178.4368400533236,-178.65267324440234,-4.859681357213768,3.949795801653425,7.371300933662744,-105.95993710197423,-139.91264653986428,-143.29763076989448,-84.57176990790921,-10.457935585268475,-93.42421754213039,Warrior2
171.94797885911967,176.1447468754303,170.98653149300534,-8.052021140880354,5.571691179917677,5.2035183990718705,-96.99142508063375,-161.36523965403413,-93.458871916942,-76.95603522325055,-43.59847915296367,-48.568140230986984,Warrior2
179.48720081226975,-179.12158195949965,-178.32123105475614,-0.5127991877302555,-0.08456981287392816,8.518358330073024,-102.24631755622293,-173.10466817114653,-88.93796565782637,-80.4947705404085,-33.23216611631349,-34.021614508217034,Warrior2
171.84467755248767,-177.8423935076449,177.34024430680307,-8.15532244751236,5.19676043387742,2.7321742417500965,-102.0179864206511,177.27807173497123,-90.73993711952303,-79.1628835331047,-33.168253384699796,-22.490291756184142,Warrior2
179.28521228543292,175.19738526058862,177.42479952780445,-0.7147877145671017,-4.187488426353559,-1.8912250132673003,-97.41920690050144,-133.1869043462733,-85.54295721745943,-75.56696849761305,-58.06373419728091,-58.961824867518025,Warrior2
176.90286804368688,-178.77473780021404,174.93627586131274,-3.0971319563131128,-0.1586249701126316,5.2310786504428695,-103.7315076322679,-166.35434917119025,-94.90031503955507,-81.86493721518094,-38.33200693706988,-42.49533714249083,Warrior2
-0.9173025477189573,-4.635002488959203,-2.721478406649751,179.08269745228105,-178.06807081617947,176.4305881100222,-76.16205631991056,-39.223893730584834,-41.593575254298564,-96.99243691235871,-164.05139542936007,-99.51827870571623,Warrior2
-175.14147123555077,-177.3074558876959,179.736683108705,4.858528764449232,4.345326255593415,0.983435026887339,-105.0111445111654,-144.47370388604105,-141.6591435649678,-81.56888387296199,-16.71895393514987,-70.39692756774613,Warrior2
-179.1191276710343,-179.47891797691443,175.4373211620757,0.8808723289656918,-3.800660684597768,-2.060705812082733,-97.9343020320801,-144.59834576514726,-149.9289972447595,-79.13097942316483,-12.130216335739922,-89.84571666381154,Warrior2
-179.50733428238766,173.85613288198456,173.33371088083132,0.49266571761234573,0.33700499559766783,6.050692219967457,-102.76034843315713,-168.99313610132722,-93.72648479198592,-81.0028478942497,-39.0656473868532,-34.95497603685337,Warrior2
-176.760435045882,-176.80262395256707,-178.67299871070355,3.2395649541180367,-2.5430955106290356,-4.5726971713471025,-97.38005050760805,-158.9541877907635,-94.88658595607687,-74.12402576846696,-46.181829672613816,-40.41977372904417,Warrior2
-174.02023338959813,172.13907379461878,178.23301672049863,5.979766610401895,8.996353923520148,10.777208699559655,-103.5126553150108,-137.43598607905642,-135.3859227536391,-82.50365045927735,-15.79959795384305,-96.37801089526275,Warrior2
175.99094163490452,-179.1867029842381,-178.87357731079888,-4.009058365095502,-2.8710368436251144,-4.557567217183659,-107.5912850373508,-172.60353268111274,-89.98801848457201,-81.75401501039853,-35.009179186368165,-32.64355489004543,Warrior2
175.7500915657678,175.09500814066666,177.3248266042717,-4.249908434232189,0.21578691875972705,-6.643175635109406,-98.8665005215132,-164.73559453472137,-98.80170264559332,-75.07570228040382,-41.476579490088646,-40.78358799553779,Warrior2
-178.81737172092008,177.40977134823,-178.86966278099655,1.1826282790799296,5.887021726616187,14.24635213374378,-102.79307462662563,-141.8116057016587,-147.16284107244877,-81.39688674446505,-11.158605438360238,-98.53898225505787,Warrior2
170.69049060842045,-176.52194593060108,179.49682893768656,-9.309509391579558,-5.550053945250436,-7.29642801125438,-100.0653273692504,-154.55714671716717,-78.76258966411928,-78.61623049842933,-34.851685887288895,-40.48069467325326,Warrior2
178.8201329838572,177.62530431626192,176.13926591826083,-1.179867016142808,-2.267417913061265,-3.382854025558804,-102.24485684507782,-145.25166922442372,-149.38253221999975,-78.53884907664036,-7.6268130217605306,-91.55948391935456,Warrior2
-0.9173025477189573,-4.635002488959203,-2.721478406649751,179.08269745228105,-178.06807081617947,176.4305881100222,-76.16205631991056,-39.223893730584834,-41.593575254298564,-96.99243691235871,-164.05139542936007,-99.51827870571623,Warrior2
-178.8305620587734,175.92550097837443,-179.9297571203463,1.1694379412266087,8.158912024197964,2.9266364765567463,-103.87273803853115,-133.5276713244609,-136.76719707510793,-82.8406630472441,-23.027207543737383,-78.79882235183956,Warrior2
177.31985582055358,177.757692841853,173.79665870770322,-2.680144179446414,2.941142046262094,13.845033116065775,-105.1726192059796,-142.70036697237364,-153.24472536218897,-83.71058400563344,-3.620193452307368,-85.12335481158665,Warrior2
171.84467755248767,-177.8423935076449,177.34024430680307,-8.15532244751236,5.19676043387742,2.7321742417500965,-102.0179864206511,177.27807173497123,-90.73993711952303,-79.1628835331047,-33.168253384699796,-22.490291756184142,Warrior2
-179.1191276710343,-179.47891797691443,175.4373211620757,0.8808723289656918,-3.800660684597768,-2.060705812082733,-97.9343020320801,-144.59834576514726,-149.9289972447595,-79.13097942316483,-12.130216335739922,-89.84571666381154,Warrior2
-176.760435045882,-176.80262395256707,-178.67299871070355,3.2395649541180367,-2.5430955106290356,-4.5726971713471025,-97.38005050760805,-158.9541877907635,-94.88658595607687,-74.12402576846696,-46.181829672613816,-40.41977372904417,Warrior2
-179.50733428238766,173.85613288198456,173.33371088083132,0.49266571761234573,0.33700499559766783,6.050692219967457,-102.76034843315713,-168.99313610132722,-93.72648479198592,-81.0028478942497,-39.0656473868532,-34.95497603685337,Warrior2
179.28521228543292,175.19738526058862,177.42479952780445,-0.7147877145671017,-4.187488426353559,-1.8912250132673003,-97.41920690050144,-133.1869043462733,-85.54295721745943,-75.56696849761305,-58.06373419728091,-58.961824867518025,Warrior2
-4.337279909417234,-0.8678336263521761,6.356340952074641,175.66272009058275,164.85515238461753,160.63261809213913,-74.7467395228911,-52.62805728340032,-53.211056440829005,-93.89292618607628,-156.14765813085603,-93.90753169371509,Warrior2
-177.43950842182468,176.10800008878638,165.9685928796692,2.560491578175333,13.069974451504017,9.350154217520481,-100.33470590946811,-140.53200949915126,-141.28512977228038,-75.45484540197376,-21.512239500782584,-87.98799774955718,Warrior2
171.18119203850654,176.24180749638037,175.63669077725024,-8.818807961493471,5.060780895448521,5.208027772006771,-105.71910485887668,-164.61271640271409,-92.99207435880548,-81.7059196194047,-38.61994339014352,-44.255079344222736,Warrior2
174.49569309556682,-170.30315592230613,-178.1586245924599,-5.504306904433189,-4.694554955808215,-4.893960338722455,-99.2638239769687,-170.23384004993466,-95.85291961474262,-78.7406148174456,-30.722527254880667,-39.389854519609806,Warrior2
-175.14147123555077,-177.3074558876959,179.736683108705,4.858528764449232,4.345326255593415,0.983435026887339,-105.0111445111654,-144.47370388604105,-141.6591435649678,-81.56888387296199,-16.71895393514987,-70.39692756774613,Warrior2
179.1077174953266,169.0497507985084,161.47966889707612,-0.8922825046734252,9.010174011689108,2.170273058829286,-99.83969849016415,-174.06094690965517,-100.81970692015777,-77.01868294510068,-35.29770549870125,-40.974023948780186,Warrior2
-178.81737172092008,177.40977134823,-178.86966278099655,1.1826282790799296,5.887021726616187,14.24635213374378,-102.79307462662563,-141.8116057016587,-147.16284107244877,-81.39688674446505,-11.158605438360238,-98.53898225505787,Warrior2
-174.02023338959813,172.13907379461878,178.23301672049863,5.979766610401895,8.996353923520148,10.777208699559655,-103.5126553150108,-137.43598607905642,-135.3859227536391,-82.50365045927735,-15.79959795384305,-96.37801089526275,Warrior2
178.07522725306168,172.15619543145388,176.9530546497882,-1.924772746938325,2.0144959018593265,4.9154103049385744,-100.9209686869982,-178.6371018765221,-96.77778913569523,-78.0594538320393,-35.34629589223493,-33.70225506572654,Warrior2
-179.87011780194877,165.79243953574593,165.54503580771024,0.12988219805124374,-2.6383745694366474,-5.276207764074353,-93.05759699800845,-64.36340298436296,-44.380867333109215,-82.55879450280426,-141.15449701144365,-54.14251309755268,Warrior2
175.99094163490452,-179.1867029842381,-178.87357731079888,-4.009058365095502,-2.8710368436251144,-4.557567217183659,-107.5912850373508,-172.60353268111274,-89.98801848457201,-81.75401501039853,-35.009179186368165,-32.64355489004543,Warrior2
0.31802725849142716,6.054850352461422,-2.8699690257988344,-179.68197274150856,-177.44505337352123,179.87191026259387,-79.64098500313577,-39.52217794174518,-27.864281217086805,-98.49115040908305,-160.57775202950995,-91.85735065247856,Warrior2
176.90286804368688,-178.77473780021404,174.93627586131274,-3.0971319563131128,-0.1586249701126316,5.2310786504428695,-103.7315076322679,-166.35434917119025,-94.90031503955507,-81.86493721518094,-38.33200693706988,-42.49533714249083,Warrior2
-170.4582435095561,172.63736459655294,173.07455198777748,9.54175649044389,-9.933771460763452,-11.69133161536433,-85.59697324083743,-160.90907917239127,-77.0150746304147,-64.67100802364865,-44.89568635769209,-45.70294989428771,Warrior2
173.97555042635838,174.76018220819424,168.2521450935422,-6.024449573641628,2.196019455243419,11.393786353855763,-99.40182528447589,-169.27137782658912,-95.48581682566157,-77.79705477345394,-42.24884555525888,-34.40974716626592,Warrior2
177.8152779113224,-177.34333199494185,170.65836183983228,-2.184722088677587,1.4303593858187909,13.194315620748009,-110.9742816148673,-147.6883110260606,-143.58340398538783,-84.9823167869628,2.517869592055216,-82.19598142572649,Warrior2
177.77478209839492,179.36599147923937,174.89694986016346,-2.2252179016050926,7.865267350533196,9.43687859081944,-97.70907703566746,-151.98850321706556,-75.88037805261504,-72.86665808926662,-49.82407772061187,-53.59392737483407,Warrior2
-170.4582435095561,172.63736459655294,173.07455198777748,9.54175649044389,-9.933771460763452,-11.69133161536433,-85.59697324083743,-160.90907917239127,-77.0150746304147,-64.67100802364865,-44.89568635769209,-45.70294989428771,Warrior2
-179.87011780194877,165.79243953574593,165.54503580771024,0.12988219805124374,-2.6383745694366474,-5.276207764074353,-93.05759699800845,-64.36340298436296,-44.380867333109215,-82.55879450280426,-141.15449701144365,-54.14251309755268,Warrior2
179.1077174953266,169.0497507985084,161.47966889707612,-0.8922825046734252,9.010174011689108,2.170273058829286,-99.83969849016415,-174.06094690965517,-100.81970692015777,-77.01868294510068,-35.29770549870125,-40.974023948780186,Warrior2
-171.70937283508866,-160.17857460757955,-159.9727964754981,8.290627164911333,-12.63717891559931,-9.013049638327276,-101.93317389408651,-122.12387800601373,-128.97628335653295,-78.73038633052052,-40.20619945985569,-91.34655369916392,Warrior2
-3.2479141484141953,-1.5657441386200706,4.03526677722532,176.7520858515858,165.83430141464208,159.8829650963275,-78.04365828572872,-50.127292556350454,-53.66132506886659,-92.38222932970673,-156.74896108523612,-94.78506170552434,Warrior2
175.6876091154626,179.30052418042993,172.5232484220137,-4.312390884537398,2.242640427797511,9.118946935087177,-105.42393316673385,-168.82138797251056,-100.83457293535047,-81.72587303744317,-39.821932176739665,-33.30353985144448,Warrior2
178.1634276818938,179.6411709445652,175.16599043305226,-1.8365723181061997,2.2780468634837474,-6.713771847370966,-98.86599193601488,-173.248909554443,-89.04496072580767,-75.24102880279735,-31.850487828354318,-39.01159566943953,Warrior2
34.818527032097755,132.8798201184898,-140.4509071985742,-145.18147296790224,-8.776279203901808,98.31373047517538,-74.9930000569804,-41.7935468307032,-46.88683824294311,-88.92236908464847,-151.02971180570722,-102.14521647632276,Warrior2
179.07933270342633,179.42972085327625,179.88216896907215,-0.9206672965736936,5.462760687370549,3.5391759884945304,-105.49609739204311,-134.6190054001686,-135.66570648494056,-81.33805980121096,-18.146029626798217,-93.15522236423745,Warrior2
178.33327334573949,-178.65265033650826,173.85553559435547,-1.666726654260518,4.8174795301419335,0.8086524193769724,-95.90611731861401,-160.38404662216558,-101.31442501497719,-74.0037716599046,-46.71093023994926,-42.14779013405431,Warrior2
177.67596908479055,176.24542509528908,171.82539111261318,-2.324030915209459,6.531618910943913,9.343287768333747,-97.79878404549613,-173.16786131888253,-85.61857618286865,-75.29000032966924,-37.331590471135655,-32.52273589380321,Warrior2
-173.96432820317955,-172.7454438076362,170.70032920066006,6.035671796820476,-6.571291565992095,4.561749844484376,-94.49783862033094,-163.20609345694376,-90.7502626910203,-70.46005271917579,-40.032879543150905,-43.371521347334955,Warrior2
175.76342559644874,179.38675945021134,172.28208310729744,-4.236574403551265,5.098332667759794,1.810130936767386,-108.81092683327446,-134.56825703937295,-134.48630351514612,-85.85354325087746,-20.946636191618776,-86.05157438608921,Warrior2
178.4902863344585,175.7020013871293,177.91412430892004,-1.5097136655415235,-1.4824727864922402,2.6128546307199016,-100.21151772376392,164.21647119908113,-92.5596041179431,-77.7954501394885,-19.726591716953152,-46.15803628858478,Warrior2
-174.8398025776759,-178.69963411141845,-173.47501035637706,5.160197422324098,7.4792634613283,16.90687757089022,-102.17544826444032,-141.13507944995146,-151.94883908097248,-81.72941574426402,0.5613856944755725,-79.14486124392616,Warrior2
174.3513352362246,177.2176399655298,169.97400664222508,-5.648664763775406,1.0926364892394729,12.228311491928281,-103.98415843833484,-171.97545914293084,-97.06245615587795,-82.41492774219549,-34.97188486046119,-32.23590549126258,Warrior2
-171.70937283508866,-160.17857460757955,-159.9727964754981,8.290627164911333,-12.63717891559931,-9.013049638327276,-101.93317389408651,-122.12387800601373,-128.97628335653295,-78.73038633052052,-40.20619945985569,-91.34655369916392,Warrior2
175.76342559644874,179.38675945021134,172.28208310729744,-4.236574403551265,5.098332667759794,1.810130936767386,-108.81092683327446,-134.56825703937295,-134.48630351514612,-85.85354325087746,-20.946636191618776,-86.05157438608921,Warrior2
174.3513352362246,177.2176399655298,169.97400664222508,-5.648664763775406,1.0926364892394729,12.228311491928281,-103.98415843833484,-171.97545914293084,-97.06245615587795,-82.41492774219549,-34.97188486046119,-32.23590549126258,Warrior2
-178.3760542853567,-119.24408609124829,0.817790025993462,1.623945714643283,-60.97774717961167,179.49386959140105,-104.17657259245046,-168.24827777524942,-92.08323200437528,-79.25987347833315,-35.285942807655864,-33.873790603201066,Warrior2
-177.0454285879548,177.82875886146275,-179.27679856563856,2.9545714120452025,6.842731220905302,8.242392317512524,-100.56457800203967,-139.75471222292245,-144.47127818640357,-78.1874901254328,-9.76771234164482,-83.70428270977845,Warrior2
178.4902863344585,175.7020013871293,177.91412430892004,-1.5097136655415235,-1.4824727864922402,2.6128546307199016,-100.21151772376392,164.21647119908113,-92.5596041179431,-77.7954501394885,-19.726591716953152,-46.15803628858478,Warrior2
-174.8398025776759,-178.69963411141845,-173.47501035637706,5.160197422324098,7.4792634613283,16.90687757089022,-102.17544826444032,-141.13507944995146,-151.94883908097248,-81.72941574426402,0.5613856944755725,-79.14486124392616,Warrior2
-178.16613773670358,174.00994883151054,179.50413964710745,1.833862263296452,6.410582477133379,5.69013815173843,-102.3043322566862,-134.60837574312538,-140.12938253194713,-81.64700406418858,-20.403383384702003,-79.51024391475613,Warrior2
-178.9314186115958,177.98493075850376,175.49829404225702,1.068581388404197,-0.35457661621489195,-0.9858129093629494,-99.20963866370654,-171.5561580607899,-88.1165732438438,-75.35481047075041,-37.21839465997137,-33.011800754933944,Warrior2
174.38661575250902,-178.7945609890046,176.6980966574543,-5.613384247490969,-8.136758367794704,1.0538727064702416,-101.36813916137369,-138.47474950209102,-138.138274363888,-78.67834513287106,-7.765944425989075,-90.41476782886143,Warrior2
164.35250737195148,158.11693481712717,147.28979352048478,-15.647492628048507,-31.164032941972632,-19.822288293555708,-93.84584081336367,-168.47427370564344,-93.27221024019865,-82.27233897119548,-33.52167380823464,-28.06075323832743,Warrior2
-178.27723443015444,176.94791927707053,170.3135186054013,1.7227655698455775,-0.3582676085057669,6.5585352431110575,-98.12103129641211,-175.30934080745612,-86.98129876565486,-75.05444623204453,-38.68345381602499,-33.88305187003442,Warrior2
178.56911400306154,172.49862200994187,178.12348978909006,-1.430885996938463,4.029281267335142,-4.67155781188636,-100.18978296464977,-157.52785261175723,-89.66161173857711,-77.6524999946898,-56.62895560511244,-37.7895198874047,Warrior2
174.37605203823793,177.7857828932785,174.48592764822374,-5.623947961762085,-1.7967114622550646,13.1189031698788,-103.29338031123268,-114.05648785603366,-124.49770288640941,-82.45082137408974,-35.70708433301285,-94.50842232910469,Warrior2
179.0018788054712,178.86737456611937,175.74863087165767,-0.9981211945288193,3.396268154616267,5.228012503353707,-100.51246977893356,-141.7980577207851,-145.98651275097131,-79.09464745895112,-6.428631786002392,-84.84634170940346,Warrior2
178.2903042205181,-161.70714879210522,-166.88526799895402,-1.7096957794819019,-18.036962615661984,-21.854985981463503,-93.40232204875961,-165.0233125307279,-90.74548914468073,-69.6467698353993,-41.5680055859687,-36.79542408222964,Warrior2
-178.65415807205602,178.76850928164316,178.49138177844358,1.3458419279439948,4.8959348670024,-5.103000090461763,-96.23423456986663,-157.16871398582566,-73.71355886281269,-75.34408272412567,-42.98866966422381,-34.89482772630733,Warrior2
178.56911400306154,172.49862200994187,178.12348978909006,-1.430885996938463,4.029281267335142,-4.67155781188636,-100.18978296464977,-157.52785261175723,-89.66161173857711,-77.6524999946898,-56.62895560511244,-37.7895198874047,Warrior2
143.53228126498283,93.80342317523458,72.06948314515616,-36.46771873501716,-81.84509866425034,-69.88217060925781,-121.5746264834195,-171.27024973432788,-97.08742569270831,-98.48552568336271,-32.98660677485143,-34.28720929077922,Warrior2
-178.27723443015444,176.94791927707053,170.3135186054013,1.7227655698455775,-0.3582676085057669,6.5585352431110575,-98.12103129641211,-175.30934080745612,-86.98129876565486,-75.05444623204453,-38.68345381602499,-33.88305187003442,Warrior2
179.0018788054712,178.86737456611937,175.74863087165767,-0.9981211945288193,3.396268154616267,5.228012503353707,-100.51246977893356,-141.7980577207851,-145.98651275097131,-79.09464745895112,-6.428631786002392,-84.84634170940346,Warrior2
174.37605203823793,177.7857828932785,174.48592764822374,-5.623947961762085,-1.7967114622550646,13.1189031698788,-103.29338031123268,-114.05648785603366,-124.49770288640941,-82.45082137408974,-35.70708433301285,-94.50842232910469,Warrior2
178.2903042205181,-161.70714879210522,-166.88526799895402,-1.7096957794819019,-18.036962615661984,-21.854985981463503,-93.40232204875961,-165.0233125307279,-90.74548914468073,-69.6467698353993,-41.5680055859687,-36.79542408222964,Warrior2
-178.65415807205602,178.76850928164316,178.49138177844358,1.3458419279439948,4.8959348670024,-5.103000090461763,-96.23423456986663,-157.16871398582566,-73.71355886281269,-75.34408272412567,-42.98866966422381,-34.89482772630733,Warrior2
-178.2369382392798,177.6419551782355,169.80018726141796,1.7630617607202301,2.599756173137474,5.465949986351738,-96.00359060323032,-134.27058227416265,-140.1501629774023,-78.16775915654662,-17.642435077780306,-97.7482300888144,Warrior2
-176.01034773123362,-177.33274556824293,173.27317718660692,3.9896522687663705,-2.321610797749541,-2.68380473524728,-96.58858288805862,-164.67939814561342,-85.14579439636599,-71.33167202154294,-33.442715793077866,-34.9668404422942,Warrior2
-174.97439353110065,-178.8961777928076,-172.91934360317973,5.025606468899353,2.4167141259586744,-1.966758133992839,-105.61389055598542,-152.8389592757992,-148.74914969566046,-80.39635496444676,8.475146886012174,-72.39978003933585,Warrior2
175.68065922677516,-174.776033025536,174.19587360711796,-4.319340773224862,-4.057992617777832,2.5165035371098847,-104.88259304514054,-166.41828958849788,-85.55087135490854,-81.16631118861464,-40.59775774093967,-37.19598430036993,Warrior2
178.77434411604875,171.5036205588048,159.58477437191127,-1.2256558839512497,15.729921019462418,18.698600700436504,-105.83596541525323,-139.33990288979845,-143.45273491465582,-84.4117325436553,-7.061333427888593,-90.42425848301245,Warrior2
175.87656761244136,-179.92810795616887,171.99517219248648,-4.123432387558637,-9.363782810318082,-6.592428504270652,-95.37514806140018,-161.14759702062247,-95.58385135780827,-70.66509499278777,-42.41330340470411,-42.426801092745585,Warrior2
178.00100894191056,-179.1547642142586,168.91367973139117,-1.998991058089446,-0.9807579279062536,3.967296465849266,-102.73509830890147,-170.16012031843619,-104.22156986702032,-77.08088975397598,-39.64758461456117,-35.19139677171473,Warrior2
179.6134326528364,-179.732368831426,-178.51016881468948,-0.38656734716362695,2.77853333173975,6.660659989977353,-105.97794481129428,-141.90107136483016,-143.6294433989195,-79.91013696992572,-8.64141913265511,-81.88927402636716,Warrior2
178.55576777758992,177.21109242022112,175.97883451096976,-1.4442322224100845,2.268761664051052,2.662851950216178,-94.89918185451417,-174.7976161789835,-96.48362368809916,-73.71114970765758,-31.561455040731182,-35.23718491766169,Warrior2
174.3921992111987,-177.45129657377328,169.37064320863294,-5.607800788801305,-11.98201411784575,-4.830467976715312,-103.83176067909793,-134.5463424241577,-81.67222819762512,-79.94199174805831,-62.35018912797113,-59.764988722374625,Warrior2
177.12392347666034,171.67410868440518,176.97866488011158,-2.8760765233396812,4.618468494129024,-5.192840102279526,-95.01195563686059,-155.9291470157269,-102.38726116564531,-72.05753553976514,-44.05950156824931,-49.19800051937158,Warrior2
-173.74126472337727,179.7549820978114,173.1060457263652,6.258735276622729,-3.942571835287277,-3.6949736828204895,-97.58245331200133,177.03361453957663,-96.19024905947637,-73.01654902696737,-36.78953329029535,-27.899609373312835,Warrior2
-175.95037572081284,177.47554523914837,172.5751860859515,4.0496242791871575,1.9179209954509764,-4.635891256375129,-96.1479023815677,-177.21431692952828,-101.52025667752851,-75.43313291351468,-41.777980759089566,-37.28473464443901,Warrior2
-176.7589276213608,-172.79028915097564,-179.4171301267221,3.241072378639199,0.06881911181936184,4.915543670596531,-104.77649527071011,-142.20428552177216,-144.74688638552973,-83.14945278459984,-10.608618023833184,-95.42599565760123,Warrior2
175.63067633269037,176.65298350102503,169.92878646649183,-4.369323667309636,-2.2331866116370427,9.985726981168803,-105.40911316606191,-131.50373645415345,-155.6231724542183,-79.37989611297552,-7.303423759038655,-82.88082326307914,Warrior2
-166.52872662672976,170.00665554587363,171.22141295211745,13.471273373270245,-9.99706513330032,-12.151472314935408,-86.308917897232,-159.30908323605135,-77.64530295216301,-65.45954716867683,-43.185732123148114,-43.097914626551834,Warrior2
177.65424022243897,166.7720686417055,164.0620615359083,-2.3457597775610224,8.843289930695938,2.0981740763691126,-101.01687668144018,-156.6558336726172,-77.14330991012935,-75.7632788715684,-39.55009306030765,-40.24008132465927,Warrior2
-174.97439353110065,-178.8961777928076,-172.91934360317973,5.025606468899353,2.4167141259586744,-1.966758133992839,-105.61389055598542,-152.8389592757992,-148.74914969566046,-80.39635496444676,8.475146886012174,-72.39978003933585,Warrior2
172.16037750214196,175.78068517864344,171.10073992165997,-7.839622497858063,-8.238964152042533,-7.728076257904478,-95.02451834102659,-168.23347701113005,-94.57571037813685,-73.29663667593171,-44.211846667463526,-44.18126552960773,Warrior2
-177.78044010487739,-179.95819333955424,177.4637937404362,2.2195598951226145,5.729727890233217,0.49617320022076417,-86.10913145544993,-36.125274472238964,-34.79072620928649,-91.58463357759454,-160.37406945288095,-94.60228112806251,Warrior2
-176.26515142833136,177.45092010505468,-176.43449422753858,3.7348485716686244,11.722744193342242,4.73569855754714,-97.37504949815674,-130.2839671756003,-133.08858591004812,-74.07473849372975,-19.789368242970653,-88.53803388619711,Warrior2
178.99789847093695,-168.05640549509312,-179.48527091914085,-1.002101529063056,-3.403397939945641,2.7794272967538123,-102.21779464170166,-129.0511748661323,-134.7303243919446,-79.87660443011892,-24.96940594234671,-82.82452553325284,Warrior2
178.33327334573949,-178.65265033650826,173.85553559435547,-1.666726654260518,4.8174795301419335,0.8086524193769724,-95.90611731861401,-160.38404662216558,-101.31442501497719,-74.0037716599046,-46.71093023994926,-42.14779013405431,Warrior2
177.83149260235743,174.7305736896309,174.63347758087556,-2.1685073976425984,1.360582138012805,-10.32845989255482,-95.28804179697337,178.40322908049885,-91.28201895737583,-73.53806630761333,-33.322200765083245,-28.431619911586438,Warrior2
4.533067995983452,-3.464197618417982,2.368049707191694,-175.46693200401657,-177.64725822571938,-178.57747956159633,-74.19511047089553,-50.15643597028288,-44.21276870585902,-94.39973785852476,-149.25265375368525,-79.89785795112944,Warrior2
2.375502429805139,4.436973762696475,1.4996829441115775,-177.62449757019488,-178.66503500663566,-177.2891823382685,-82.5126946043019,-14.678110065707303,-90.07627095629655,-97.52716790732536,-139.87902670800676,-145.91292627240648,Warrior2
174.37605203823793,177.7857828932785,174.48592764822374,-5.623947961762085,-1.7967114622550646,13.1189031698788,-103.29338031123268,-114.05648785603366,-124.49770288640941,-82.45082137408974,-35.70708433301285,-94.50842232910469,Warrior2
179.6657350001814,175.69807967045176,171.4927473217037,-0.3342649998186,1.1071186392966694,1.0940803137937183,-98.81706259680254,-159.18492431459123,-86.52708080415816,-75.88454039412291,-43.0176749240716,-47.71005557989051,Warrior2
-173.74126472337727,179.7549820978114,173.1060457263652,6.258735276622729,-3.942571835287277,-3.6949736828204895,-97.58245331200133,177.03361453957663,-96.19024905947637,-73.01654902696737,-36.78953329029535,-27.899609373312835,Warrior2
179.212062811112,174.78870270687506,173.29088156067536,-0.7879371888880335,2.5711944350472833,4.851436076505816,-96.62742225457679,-160.07583553897564,-85.488386169275,-73.12984714794446,-39.53109281500206,-45.85304685092329,Warrior2
3.694336003331728,-4.2182479229487475,-7.986541505534436,-176.30566399666827,-174.16376028155904,171.10123835111747,-89.19114059017086,-170.32636460203108,-90.70298413646285,-80.21960168923151,-34.037727602591616,-36.55556539029279,Warrior2
37.490722146910535,100.5195424713363,84.74745271617552,-142.5092778530895,96.26440572721492,82.55117714279989,-96.81597370588547,-170.25780483386788,-84.59654832950449,-94.33827527912236,-34.460499454001685,-31.43142338434044,Warrior2
175.63067633269037,176.65298350102503,169.92878646649183,-4.369323667309636,-2.2331866116370427,9.985726981168803,-105.40911316606191,-131.50373645415345,-155.6231724542183,-79.37989611297552,-7.303423759038655,-82.88082326307914,Warrior2
179.07933270342633,179.42972085327625,179.88216896907215,-0.9206672965736936,5.462760687370549,3.5391759884945304,-105.49609739204311,-134.6190054001686,-135.66570648494056,-81.33805980121096,-18.146029626798217,-93.15522236423745,Warrior2
177.65424022243897,166.7720686417055,164.0620615359083,-2.3457597775610224,8.843289930695938,2.0981740763691126,-101.01687668144018,-156.6558336726172,-77.14330991012935,-75.7632788715684,-39.55009306030765,-40.24008132465927,Warrior2
163.7469348391324,171.32102548469376,166.39776074767755,-16.253065160867617,-11.078079853363434,-6.988083153445293,-104.91522001363784,-150.32631923205574,-103.70744391631847,-84.83464009815272,-53.562884378563865,-47.89861686879314,Warrior2
175.240530522571,175.0812789454036,175.85797028062976,-4.759469477429029,1.5849445913744673,5.092203058774711,-102.26876393654662,-118.10580280066401,-134.44331275705886,-85.21149072275739,-32.173196689041546,-88.38897600529997,Warrior2
177.12392347666034,171.67410868440518,176.97866488011158,-2.8760765233396812,4.618468494129024,-5.192840102279526,-95.01195563686059,-155.9291470157269,-102.38726116564531,-72.05753553976514,-44.05950156824931,-49.19800051937158,Warrior2
-3.2479141484141953,-1.5657441386200706,4.03526677722532,176.7520858515858,165.83430141464208,159.8829650963275,-78.04365828572872,-50.127292556350454,-53.66132506886659,-92.38222932970673,-156.74896108523612,-94.78506170552434,Warrior2
-178.75578067876447,179.34367767512447,179.46229337900215,1.244219321235526,5.201968173540707,6.579318344041624,-98.29998290475133,-134.9713106082423,-135.05042765044294,-78.62324859413488,-23.941104135547153,-79.91687864553627,Warrior2
4.26344633675185,-6.125411430972773,5.924139786802085,-175.73655366324817,173.60381728545937,174.41040735237672,-82.28787369969179,-41.0158953021654,-43.13832945061987,-97.32072691877374,-164.17795426703097,-86.74648146146379,Warrior2
178.55576777758992,177.21109242022112,175.97883451096976,-1.4442322224100845,2.268761664051052,2.662851950216178,-94.89918185451417,-174.7976161789835,-96.48362368809916,-73.71114970765758,-31.561455040731182,-35.23718491766169,Warrior2
-175.98644852562933,-174.1908546854189,178.75159383629523,4.013551474370675,-3.44687460596931,7.60180101404611,-102.37858093421457,-138.89033669702337,-135.11251875815015,-79.01658971037357,-15.914572752406324,-81.85821022042536,Warrior2
175.240530522571,175.0812789454036,175.85797028062976,-4.759469477429029,1.5849445913744673,5.092203058774711,-102.26876393654662,-118.10580280066401,-134.44331275705886,-85.21149072275739,-32.173196689041546,-88.38897600529997,Warrior2
177.65424022243897,166.7720686417055,164.0620615359083,-2.3457597775610224,8.843289930695938,2.0981740763691126,-101.01687668144018,-156.6558336726172,-77.14330991012935,-75.7632788715684,-39.55009306030765,-40.24008132465927,Warrior2
176.16642500413028,107.29628455285493,95.85469742791507,-3.8335749958697427,84.0811380499188,92.77600907324073,-98.90451681861077,-164.59279424271364,-93.34545327153641,-77.88746949017387,-41.607349098219466,-35.710439817029425,Warrior2
-170.3649561201638,-178.416377102707,170.81585681660917,9.635043879836182,6.470742017123764,10.30271294668287,-97.12106888715073,-140.3209343032357,-140.42000050904514,-74.83504803299807,-11.924089175700846,-81.03724955023807,Warrior2
173.7042252029123,170.74917116502164,176.20052250699192,-6.295774797087701,-0.8564468779640529,-5.900884058438353,-97.69203301291692,-162.6237136789716,-103.50057724166068,-73.83840907126155,-41.20035570115545,-42.576407353335334,Warrior2
4.26344633675185,-6.125411430972773,5.924139786802085,-175.73655366324817,173.60381728545937,174.41040735237672,-82.28787369969179,-41.0158953021654,-43.13832945061987,-97.32072691877374,-164.17795426703097,-86.74648146146379,Warrior2
-179.85985670251992,170.88052769723743,168.8554860500248,0.14014329748008625,0.9672389282228749,-6.854428982951207,-100.31354879660373,-157.48135324583134,-105.68640682114997,-78.42527970201442,-46.58995513000513,-44.32575800930123,Warrior2
177.17031197346583,-179.75138709822383,-178.59529398944852,-2.829688026534173,-3.6000853441476717,7.6122496849591705,-110.12797043762716,-116.32147674703347,-116.92572191923252,-88.34651319369146,-36.20428408510526,-90.08669741858081,Warrior2
158.70880865482127,174.22582557252636,176.17537354243095,-21.29119134517873,-5.623625959992,-2.8055001200003207,-78.51957035829328,-46.23264773035854,-41.03976655118382,-92.02179277625149,-167.097172693189,-82.54082935591555,Warrior2
-179.36164905313223,172.59695319950453,170.8804931039589,0.6383509468677896,9.980871611455376,7.500031263988125,-102.49742272704846,-156.25786677503604,-94.67232454132444,-78.43297778518792,-51.117102268811855,-46.05325621175813,Warrior2
-1.5360244000191097,13.693817152378548,17.961348959209776,178.4639755999809,-177.31080099427038,-169.09327424590026,-92.8704932152607,-154.07498995004826,-149.37102422545564,-87.22577647964427,-5.995198363383004,-83.96582186113838,Warrior2
-179.32664213562083,-171.6519705420003,173.30652135976743,0.6733578643791877,6.722685348375325,1.7089830753083788,-96.97679917329366,-175.69725467454265,-100.16169958744109,-72.2685359157284,-33.77600853377793,-34.270532278465026,Warrior2
-179.40155042380582,173.0163414813891,174.08736753290808,0.5984495761941975,-7.712926556935511,-9.647996601221775,-97.22105584509406,-153.30052385006778,-98.48641718551757,-75.31748190806172,-37.43440328414967,-35.67873391060967,Warrior2
74.44601451672006,14.904896112849395,-7.975296367450153,-105.55398548327996,0.46531751415898864,-0.8141182310029055,-102.01536119214111,-164.69374494797165,-102.6848413523375,-89.93584511728659,-54.02604413146061,-54.468584667893126,Warrior2
-179.51619538372503,174.96884712509444,176.12048336914714,0.48380461627497384,0.4880986532843333,4.678467048977652,-98.36673757840452,-172.01585353045104,-77.11125399783757,-75.37384578843147,-51.23833047060328,-18.446434014891114,Warrior2
-179.40155042380582,173.0163414813891,174.08736753290808,0.5984495761941975,-7.712926556935511,-9.647996601221775,-97.22105584509406,-153.30052385006778,-98.48641718551757,-75.31748190806172,-37.43440328414967,-35.67873391060967,Warrior2
-179.32664213562083,-171.6519705420003,173.30652135976743,0.6733578643791877,6.722685348375325,1.7089830753083788,-96.97679917329366,-175.69725467454265,-100.16169958744109,-72.2685359157284,-33.77600853377793,-34.270532278465026,Warrior2
4.533067995983452,-3.464197618417982,2.368049707191694,-175.46693200401657,-177.64725822571938,-178.57747956159633,-74.19511047089553,-50.15643597028288,-44.21276870585902,-94.39973785852476,-149.25265375368525,-79.89785795112944,Warrior2
177.5323984124918,171.22267629468453,170.90636007216662,-2.4676015875081956,5.567359173186315,0.5645291065628466,-101.28011528161157,-157.90275101837165,-84.7986573478756,-77.20993480134962,-43.96523147261021,-43.46580245520029,Warrior2
179.02688716456376,-171.48758375391387,-179.8214803101171,-0.9731128354362453,3.2618666569937,4.8933427021894405,-97.19550944261043,-136.44323708944333,-143.41516349002742,-77.1691142125237,-20.494226337537846,-111.53682060727036,Warrior2
-169.38744895077912,-176.7383637096019,-175.03733887690169,10.612551049220883,3.682931782093468,-3.182327251443449,-98.31775540546792,-165.75640375812895,-91.34957204777376,-75.04965941887102,-37.15173096341758,-34.25821476997356,Warrior2
177.83149260235743,174.7305736896309,174.63347758087556,-2.1685073976425984,1.360582138012805,-10.32845989255482,-95.28804179697337,178.40322908049885,-91.28201895737583,-73.53806630761333,-33.322200765083245,-28.431619911586438,Warrior2
174.36277081356246,-176.49378418624627,173.03543097700776,-5.637229186437547,-6.048655051267654,8.614534557073489,-103.97892416573015,-150.507971164852,-102.75947757917181,-80.24794386061389,-51.72032540807067,-51.44773122456894,Warrior2
175.8958893661133,-174.62277364700833,177.95074376485525,-4.104110633886698,-10.721541736350927,-6.279387460532656,-100.61361455226009,-153.5235641316297,-93.88930960062557,-79.47661885907864,-46.77059765811702,-43.619931067103074,Warrior2
-0.04709821836182838,6.371156431562323,5.723254893142037,179.9529017816382,176.6432819005864,178.5894970454614,-74.64010162478485,-41.692913250206935,-38.10658063649369,-96.6177156752254,-167.8955788338124,-93.17086151219604,Warrior2
178.16343439519764,169.41833563328828,164.69873469447532,-1.8365656048023633,-38.997409938134936,-35.859305300298516,-94.38106454380298,-129.927762780149,-23.67267764388038,-75.44992545705243,-93.38255924015725,-131.1820683722225,Warrior2
3.2908840587373804,0.5594562650760067,0.8931436726773753,-176.70911594126264,-179.70596359650753,176.3530712939409,-80.60980561783441,-11.07646540020133,-71.22504366002612,-102.9754838917461,-145.2806379133595,-146.48914697186194,Warrior2
-0.04709821836182838,6.371156431562323,5.723254893142037,179.9529017816382,176.6432819005864,178.5894970454614,-74.64010162478485,-41.692913250206935,-38.10658063649369,-96.6177156752254,-167.8955788338124,-93.17086151219604,Warrior2
171.13828379253542,178.60157814328596,179.58767845601878,-8.861716207464582,-9.99449074208717,-10.72517460211271,-103.93468047566786,-146.335836438936,-92.57491083394608,-79.29634370682695,-55.02012970841101,-55.188907234955586,Warrior2
-179.61528031853547,-177.66100357988088,167.1438371552744,0.38471968146454355,-11.914803202934708,4.719310386088909,-95.66762954119848,-166.66509901940927,-105.52852942214868,-73.06919727319696,-39.77481361118915,-34.84787847000719,Warrior2
10.052651558682955,67.2533117014772,177.4936535391034,-169.94734844131708,-172.38962656313285,124.87815678269342,-82.25705604198085,-170.21706157348083,-99.69978738243562,-80.55475482050818,-45.29724708137645,-19.160995046750458,Warrior2
-179.04370715022057,-178.78086176135236,-177.666021385028,0.9562928497794544,1.0099415732643027,-1.4216630818820672,-97.85370568638685,-164.44891573720372,-92.49139273796784,-73.9074198757404,-48.20627759992785,-36.85840437052585,Warrior2
173.33235930484582,-178.72814991852087,-174.65187514146405,-6.667640695154174,-10.27525908714154,-7.705590035153942,-101.3711822997653,-150.9984171118948,-92.15535622522349,-80.39750237479818,-45.91817787039955,-50.389467601692694,Warrior2
-177.38398485255175,176.05684609636435,-176.53272480064695,2.616015147448257,5.80698586575684,-0.011898461623520817,-103.63950606931516,-144.1466817520958,-144.5250280896994,-80.00452952489752,-6.928410975555401,-84.02974231960296,Warrior2
6.534517159626248,-17.95654821961802,18.27925771532819,-173.46548284037377,-171.8560412526243,174.69868275357433,-78.91093590499025,-32.057210759097565,-35.06943870204774,-94.0552582528306,-167.58241118444874,-89.47475671943322,Warrior2
-0.855103489217417,-4.059343935364419,5.332392930856685,179.14489651078262,-173.16075546991226,179.29376381518802,-83.82985281764742,-17.034726514452036,-78.41460279717573,-99.30745544217827,-140.57919479582884,-135.64808397472433,Warrior2
2.502580030699063,3.845203467199531,12.699095073243576,-177.49741996930092,177.28344668217866,171.1197435743501,-85.39586541353538,-0.9323186007855861,-116.05293126718048,-98.17136552826139,-147.78228578607863,-102.41264403624015,Warrior2
-2.750496291819904,7.11278720795201,4.791686777254668,177.2495037081801,-178.8288796867278,-174.27565887150587,-80.70757084080866,-18.525658784406975,-81.8897753328732,-103.62393835752218,-138.05509225337215,-139.1470128860016,Warrior2
-179.29573925766906,-175.37246110889964,-176.4970400264559,0.7042607423309396,-0.9275742593220211,1.626184382099929,-99.11210276120507,-159.2736405357719,-95.35968022761145,-78.01188703171195,-43.9534351904854,-40.007710082855695,Warrior2
-176.0401103185015,-138.85040188555666,-164.06811376012067,3.959889681498529,-37.12200311050146,23.173166043788815,-95.22685737842718,-146.47435145674424,-99.79612327650234,-71.48983436170754,-58.993824898544815,-57.247382770407484,Warrior2
178.56217909430322,179.78758443706374,174.08510227255482,-1.4378209056967843,4.761978190352935,5.769659008712214,-89.92129601986004,-164.3217953481107,-77.14836714753852,-76.69819230156294,-36.81805359325905,-32.95825312287506,Warrior2
172.57580984382648,168.4016825319219,155.8956482705813,-7.424190156173546,-4.961564686897063,-7.599246262144732,-99.69483325836937,-172.5786282220574,-103.42364447176853,-78.09833951444384,-55.58573819041207,-50.10915086314815,Warrior2
-178.04155826955562,175.17160750694592,170.82808694039076,1.9584417304443948,4.307300450723445,-0.8011798066656255,-97.27704175006131,-162.64316867675836,-98.98581116379076,-72.93936133511164,-41.229629993956394,-43.064578231245314,Warrior2
3.9618542144375986,3.5840709931983685,-0.6629570204088094,-176.03814578556242,-177.9131687517094,-176.57607670979647,-84.21959563374618,-12.812170449571447,-92.26376840609494,-96.00198702091035,-140.0105815109357,-151.03966252871945,Warrior2
